,,,,,,,Standart,,,,,,,,,,,,Expected,,,,,Total,,,,,Short,,,Medium,,,Long,,,Expected,,,,,,,,,Tackles,,,,,Challanges,,,,Blocks,,,,,,
Player,Nation,Pos,Squad,Age,Born,90s Played,Goals,Shots,SoT,SoT%,Sh/90,SoT/90,G/Sh,G/SoT,Avg Shot Dist,FK,PK,PKatt,xG,npxG,npxG/Sh,G-xG,np:G-xG,Cmp,Att,Cmp%,TotDist,PrgDist,Cmp,Att,Cmp%,Cmp,Att,Cmp%,Cmp,Att,Cmp%,Ast,xAG,xA,A-xAG,KP,1/3,PPA,CrsPA,PrgP,Tkl,TklW,Def 3rd,Mid 3rd,Att 3rd,Tkl,Att,Tkl%,Lost,Blocks,Sh,Pass,Int,Tkl+Int,Clr,Err
Cameron Archer,eng ENG,"FW,MF",Aston Villa,20,2001,0.3,0,1,0,0,3.33,0,0,,12.6,0,0,0,0,0,0.04,0,0,4,4,100,62,29,3,3,100,1,1,100,0,0,,0,0,0,0,0,0,0,0,0,0,0,0,0,0,0,0,,0,0,0,0,0,0,0,0
Leon Bailey,jm JAM,"FW,MF",Aston Villa,23,1997,8.5,1,21,8,38.1,2.48,0.95,0.05,0.13,19.4,4,0,0,1.5,1.5,0.07,-0.5,-0.5,150,226,66.4,2354,518,76,95,80,47,66,71.2,15,36,41.7,2,0.8,1.1,1.2,7,6,9,1,24,17,11,6,8,3,6,13,46.2,7,10,1,9,1,18,2,0
Harvey Barnes,eng ENG,"FW,MF",Leicester City,23,1997,23.3,6,66,24,36.4,2.83,1.03,0.09,0.25,16.1,0,0,0,5.6,5.6,0.09,0.4,0.4,550,756,72.8,6899,1906,366,442,82.8,137,199,68.8,15,34,44.1,10,4.6,3.2,5.4,29,26,24,7,59,31,16,9,11,11,7,23,30.4,16,24,1,23,5,36,7,0
Saïd Benrahma,dz ALG,"FW,MF",West Ham,25,1995,24.1,8,63,20,31.7,2.62,0.83,0.13,0.4,19.6,3,0,0,4.8,4.8,0.08,3.2,3.2,632,841,75.1,8891,2023,367,432,85,191,250,76.4,32,68,47.1,6,3.7,3.3,2.3,32,37,29,10,73,28,17,16,9,3,15,38,39.5,23,17,1,16,9,37,8,0
Steven Bergwijn,nl NED,"FW,MF",Tottenham,23,1997,6.3,3,19,10,52.6,3.03,1.59,0.16,0.3,16.3,0,0,0,2.5,2.5,0.13,0.5,0.5,144,177,81.4,1756,392,98,113,86.7,30,38,78.9,4,7,57.1,1,0.9,1.2,0.1,8,9,6,0,17,3,2,2,1,0,1,10,10,9,3,0,3,1,4,8,0
Todd Cantwell,eng ENG,"FW,MF",Norwich City,23,1998,4.9,0,5,0,0,1.02,0,0,,28.5,0,0,0,0.1,0.1,0.03,-0.1,-0.1,130,157,82.8,1766,386,84,93,90.3,35,43,81.4,5,10,50,0,0.1,0.4,-0.1,2,13,2,0,10,15,13,8,6,1,6,17,35.3,11,2,0,2,3,18,2,0
Aaron Connolly,ie IRL,"FW,MF",Brighton,21,2000,1.7,0,2,0,0,1.15,0,0,,15.5,0,0,0,0.4,0.4,0.18,-0.4,-0.4,14,19,73.7,172,16,8,8,100,5,5,100,0,1,0,0,0.1,0.1,-0.1,1,0,0,0,1,0,0,0,0,0,0,1,0,1,2,0,2,0,0,0,0
Maxwel Cornet,ci CIV,"FW,MF",Burnley,24,1996,19.6,9,46,22,47.8,2.34,1.12,0.2,0.41,16.9,4,0,1,6.7,5.9,0.13,2.3,3.1,281,437,64.3,3679,860,168,222,75.7,68,99,68.7,15,48,31.3,1,1.7,1.7,-0.7,15,15,14,4,30,16,9,7,5,4,7,15,46.7,8,13,4,9,10,26,14,0
Cucho,co COL,"FW,MF",Watford,22,1999,12.7,5,34,10,29.4,2.67,0.78,0.15,0.5,19,5,0,0,2.5,2.5,0.07,2.5,2.5,239,394,60.7,3852,1368,126,172,73.3,68,106,64.2,31,66,47,2,1.9,1.1,0.1,20,21,15,6,39,13,5,5,5,3,5,27,18.5,22,13,1,12,5,18,9,0
Emmanuel Dennis,ng NGA,"FW,MF",Watford,23,1997,28.7,10,60,26,43.3,2.09,0.91,0.17,0.38,15.5,7,0,0,7.3,7.3,0.12,2.7,2.7,411,628,65.4,5461,1617,261,349,74.8,100,147,68,21,37,56.8,6,4.1,2.1,1.9,33,26,19,4,61,51,35,20,22,9,17,52,32.7,35,36,2,34,15,66,13,0
Lewis Dobbin,eng ENG,"FW,MF",Everton,18,2003,0.4,0,0,0,,0,0,,,,0,0,0,0,0,,0,0,5,8,62.5,92,22,3,3,100,0,2,0,2,3,66.7,0,0,0,0,0,2,0,0,1,2,1,0,1,1,1,2,50,1,0,0,0,0,2,0,0
Kieran Dowell,eng ENG,"FW,MF",Norwich City,23,1997,10.1,1,8,2,25,0.79,0.2,0.13,0.5,20.8,3,0,0,1.1,1.1,0.13,-0.1,-0.1,223,334,66.8,3517,1068,123,157,78.3,69,89,77.5,19,53,35.8,1,1.5,1,-0.5,16,21,9,3,31,18,7,8,7,3,9,32,28.1,23,10,1,9,7,25,4,0
Pablo Fornals,es ESP,"FW,MF",West Ham,25,1996,31.1,6,43,11,25.6,1.38,0.35,0.14,0.55,18.7,0,0,0,4.6,4.6,0.11,1.4,1.4,1052,1417,74.2,17266,5582,529,613,86.3,363,484,75,111,205,54.1,3,6.3,4.5,-3.3,48,111,51,8,191,54,28,21,21,12,22,84,26.2,62,49,2,47,27,81,16,1
Marcus Forss,fi FIN,"FW,MF",Brentford,22,1999,2.3,0,5,0,0,2.15,0,0,,15.8,0,0,0,0.3,0.3,0.06,-0.3,-0.3,22,38,57.9,341,115,12,19,63.2,5,9,55.6,3,3,100,1,0.2,0,0.8,1,5,1,0,6,3,3,0,2,1,2,4,50,2,5,0,5,1,4,0,0
Ryan Fraser,sct SCO,"FW,MF",Newcastle Utd,27,1994,16.3,2,24,7,29.2,1.47,0.43,0.08,0.29,18,0,0,0,2.7,2.7,0.11,-0.7,-0.7,334,482,69.3,5352,1620,197,234,84.2,86,128,67.2,40,84,47.6,3,2.1,2.3,0.9,25,18,24,15,34,10,3,5,3,2,5,13,38.5,8,11,1,10,11,21,11,0
Alejandro Garnacho,ar ARG,"FW,MF",Manchester Utd,17,2004,0.1,0,0,0,,0,0,,,,0,0,0,0,0,,0,0,3,3,100,22,1,2,2,100,0,0,,0,0,,0,0,0,0,0,0,0,0,0,0,0,0,0,0,0,1,0,1,0,0,0,0,0,0,0
Joe Gelhardt,eng ENG,"FW,MF",Leeds United,19,2002,8.3,2,23,9,39.1,2.77,1.09,0.09,0.22,15.4,0,0,0,3,3,0.13,-1,-1,106,163,65,1166,344,58,81,71.6,28,46,60.9,2,5,40,2,1.6,1.4,0.4,9,5,10,2,15,4,3,1,0,3,2,10,20,8,9,0,9,0,4,3,0
Anwar El Ghazi,nl NED,"FW,MF",Aston Villa,26,1995,4.3,1,7,2,28.6,1.63,0.47,0,0,22.3,0,1,1,1.1,0.3,0.04,-0.1,-0.3,84,119,70.6,1091,314,60,70,85.7,17,30,56.7,3,5,60,1,0.4,0.4,0.6,5,0,4,3,5,4,4,2,2,0,2,7,28.6,5,6,0,6,1,5,2,0
Anwar El Ghazi,nl NED,"FW,MF",Everton,26,1995,0.1,0,0,0,,0,0,,,,0,0,0,0,0,,0,0,7,9,77.8,80,18,5,5,100,1,2,50,0,0,,0,0,0,0,0,1,0,0,0,1,1,1,0,0,1,1,100,0,3,0,3,0,1,0,0
Bryan Gil,es ESP,"FW,MF",Tottenham,20,2001,1,0,1,1,100,0.96,0.96,0,0,15.6,0,0,0,0.1,0.1,0.06,-0.1,-0.1,50,64,78.1,660,188,32,36,88.9,11,15,73.3,3,4,75,0,0.1,0.2,-0.1,2,0,4,2,7,3,0,1,0,2,1,2,50,1,2,0,2,0,3,0,0
Mason Greenwood,eng ENG,"FW,MF",Manchester Utd,19,2001,14.1,5,48,18,37.5,3.4,1.27,0.1,0.28,19.1,0,0,0,4.3,4.3,0.09,0.7,0.7,394,501,78.6,6461,1375,204,236,86.4,137,162,84.6,37,64,57.8,1,1.8,1.3,-0.8,17,31,13,3,39,15,9,9,1,5,3,9,33.3,6,5,0,5,1,16,6,0
Jack Harrison,eng ENG,"FW,MF",Leeds United,24,1996,29.3,8,43,17,39.5,1.47,0.58,0.19,0.47,17.2,0,0,0,4.4,4.4,0.1,3.6,3.6,656,1045,62.8,9472,3280,407,510,79.8,187,300,62.3,36,117,30.8,1,3.2,2.5,-2.2,42,49,35,8,89,57,37,22,22,13,31,76,40.8,45,35,1,34,21,78,19,0
Kai Havertz,de GER,"FW,MF",Chelsea,22,1999,20.1,8,56,23,41.1,2.79,1.14,0.14,0.35,13,0,0,0,8.7,8.7,0.16,-0.7,-0.7,537,669,80.3,6322,1194,360,408,88.2,111,143,77.6,12,16,75,3,2.2,1.7,0.8,21,34,19,1,62,17,8,5,7,5,4,14,28.6,10,28,1,27,4,21,32,1
Hwang Hee-chan,kr KOR,"FW,MF",Wolves,25,1996,20.2,5,27,12,44.4,1.34,0.59,0.19,0.42,15.4,0,0,0,4.4,4.4,0.16,0.6,0.6,513,639,80.3,7634,1456,291,341,85.3,160,187,85.6,37,51,72.5,1,1.3,1.3,-0.3,16,31,14,0,57,27,13,9,16,2,14,44,31.8,30,10,0,10,13,40,7,1
Adam Idah,ie IRL,"FW,MF",Norwich City,20,2001,6.9,1,14,4,28.6,2.02,0.58,0.07,0.25,13.9,0,0,0,2.3,2.3,0.17,-1.3,-1.3,95,150,63.3,1466,288,53,68,77.9,32,46,69.6,5,10,50,1,0.6,0.5,0.4,5,8,5,2,10,9,6,2,5,2,2,3,66.7,1,4,2,2,3,12,7,0
Daniel James,wls WAL,"FW,MF",Leeds United,23,1997,26.3,4,50,15,30,1.9,0.57,0.08,0.27,15.3,0,0,0,6.1,6.1,0.12,-2.1,-2.1,326,508,64.2,4327,1156,205,256,80.1,84,151,55.6,15,34,44.1,4,2.9,1.7,1.1,24,26,18,2,57,24,14,8,8,8,10,23,43.5,13,18,1,17,8,32,12,0
João Pedro,br BRA,"FW,MF",Watford,19,2001,18.3,3,47,16,34,2.57,0.88,0.06,0.19,16.3,1,0,0,3.6,3.6,0.08,-0.6,-0.6,390,581,67.1,6100,1580,210,299,70.2,122,163,74.8,38,57,66.7,1,2.8,1.4,-1.8,19,43,20,3,77,20,14,7,8,5,6,23,26.1,17,23,3,20,15,35,17,0
Jesse Lingard,eng ENG,"FW,MF",Manchester Utd,28,1992,4.1,2,8,6,75,1.96,1.47,0.25,0.33,18.6,0,0,0,0.6,0.6,0.08,1.4,1.4,128,153,83.7,1533,382,75,85,88.2,33,41,80.5,0,4,0,0,0.3,0.2,-0.3,8,11,2,0,13,9,7,4,3,2,2,6,33.3,4,4,0,4,0,9,1,0
Ademola Lookman,ng NGA,"FW,MF",Leicester City,23,1997,16.1,6,26,12,46.2,1.61,0.74,0.23,0.5,15,0,0,0,4.5,4.5,0.17,1.5,1.5,405,536,75.6,5124,1306,260,313,83.1,113,136,83.1,8,21,38.1,0,1.9,1.8,-1.9,23,19,20,1,54,32,14,10,13,9,10,28,35.7,18,19,1,18,10,42,4,0
Gabriel Martinelli,br BRA,"FW,MF",Arsenal,20,2001,20.7,6,51,15,29.4,2.47,0.73,0.1,0.33,14.7,0,1,1,7.3,6.6,0.13,-1.3,-1.6,439,611,71.8,6765,1235,252,303,83.2,150,204,73.5,29,62,46.8,6,4.3,3.4,1.7,34,11,16,5,37,27,19,7,14,6,10,29,34.5,19,26,1,25,20,47,15,0
Takumi Minamino,jp JPN,"FW,MF",Liverpool,26,1995,2.1,3,7,4,57.1,3.39,1.94,0.43,0.75,15.2,0,0,0,1.6,1.6,0.23,1.4,1.4,58,69,84.1,648,146,42,45,93.3,10,15,66.7,2,2,100,0,0.5,0.6,-0.5,2,6,3,0,5,3,2,1,1,1,2,8,25,6,2,0,2,1,4,2,0
Lucas Moura,br BRA,"FW,MF",Tottenham,28,1992,19.7,2,37,11,29.7,1.88,0.56,0.05,0.18,16.7,0,0,0,2.7,2.7,0.07,-0.7,-0.7,567,774,73.3,7667,2267,340,413,82.3,180,243,74.1,17,38,44.7,6,5,2.8,1,34,59,27,4,99,25,10,7,14,4,8,35,22.9,27,19,0,19,18,43,19,0
Pedro Neto,pt POR,"FW,MF",Wolves,21,2000,5.2,1,17,4,23.5,3.28,0.77,0.06,0.25,19.7,1,0,0,1.5,1.5,0.09,-0.5,-0.5,181,237,76.4,2805,542,97,106,91.5,61,82,74.4,13,29,44.8,1,1,0.9,0,13,4,4,2,10,4,4,2,0,2,0,9,0,9,0,0,0,6,10,1,0
Michael Olise,fr FRA,"FW,MF",Crystal Palace,19,2001,12.7,2,19,10,52.6,1.5,0.79,0.11,0.2,17,2,0,0,1.7,1.7,0.09,0.3,0.3,476,662,71.9,7870,2233,254,290,87.6,143,207,69.1,57,108,52.8,5,3.9,3.6,1.1,24,39,26,9,63,22,18,8,11,3,7,24,29.2,17,17,0,17,6,28,6,0
Cole Palmer,eng ENG,"FW,MF",Manchester City,19,2002,1.4,0,4,1,25,2.93,0.73,0,0,21.6,0,0,0,0.4,0.4,0.11,-0.4,-0.4,46,54,85.2,561,109,32,33,97,9,12,75,3,5,60,0,0.2,0.3,-0.2,2,2,3,0,3,2,1,1,1,0,0,2,0,2,3,0,3,1,3,0,0
Nicolas Pépé,ci CIV,"FW,MF",Arsenal,26,1995,7.7,1,23,7,30.4,2.97,0.91,0.04,0.14,15.1,3,0,0,2.6,2.6,0.11,-1.6,-1.6,283,365,77.5,4064,843,171,196,87.2,85,109,78,15,32,46.9,2,1.7,1,0.3,12,12,9,3,17,8,5,3,5,0,3,9,33.3,6,9,1,8,8,16,2,0
Daniel Podence,pt POR,"FW,MF",Wolves,25,1995,16.5,2,35,15,42.9,2.12,0.91,0.06,0.13,22,1,0,0,2,2,0.06,0,0,449,637,70.5,6967,2148,248,302,82.1,121,184,65.8,49,78,62.8,3,3.9,3.2,-0.9,36,32,36,10,75,18,11,10,5,3,4,17,23.5,13,8,1,7,10,28,1,0
Przemysław Płacheta,pl POL,"FW,MF",Norwich City,23,1998,5.6,0,8,7,87.5,1.43,1.25,0,0,16.7,0,0,0,0.4,0.4,0.05,-0.4,-0.4,109,163,66.9,1640,469,65,77,84.4,30,44,68.2,8,19,42.1,0,0.8,0.6,-0.8,4,6,5,2,10,4,3,3,1,0,2,7,28.6,5,3,1,2,2,6,5,1
Jesurun Rak Sakyi,eng ENG,"FW,MF",Crystal Palace,18,2002,0.9,0,0,0,,0,0,,,,0,0,0,0,0,,0,0,22,26,84.6,246,32,17,17,100,2,2,100,1,1,100,0,0,0,0,0,1,0,0,0,0,0,0,0,0,0,1,0,1,3,0,3,1,1,0,0
Raphinha,br BRA,"FW,MF",Leeds United,24,1996,32.4,11,84,21,25,2.59,0.65,0.08,0.33,21.4,10,4,4,10.2,7,0.08,0.8,0,824,1301,63.3,13788,5181,399,497,80.3,275,420,65.5,99,259,38.2,3,7.5,6.2,-4.5,65,91,49,11,134,51,29,25,14,12,22,71,31,49,43,0,43,29,80,28,1
Marcus Rashford,eng ENG,"FW,MF",Manchester Utd,23,1997,13.7,4,22,12,54.5,1.6,0.87,0.18,0.33,17.7,1,0,0,2.9,2.9,0.13,1.1,1.1,304,424,71.7,3973,706,199,252,79,82,110,74.5,7,20,35,2,2.1,2,-0.1,9,18,10,1,28,6,5,1,4,1,2,13,15.4,11,10,1,9,5,11,5,1
Milot Rashica,xk KVX,"FW,MF",Norwich City,25,1996,24.8,1,44,17,38.6,1.78,0.69,0.02,0.06,22.3,7,0,0,2.6,2.6,0.06,-1.6,-1.6,363,602,60.3,6213,1883,190,240,79.2,117,207,56.5,45,105,42.9,2,2.1,2.4,-0.1,36,33,20,8,46,31,19,12,12,7,11,30,36.7,19,22,3,19,15,46,23,0
Jonathan Rowe,eng ENG,"FW,MF",Norwich City,18,2003,2.5,0,3,2,66.7,1.21,0.81,0,0,16.1,0,0,0,0.3,0.3,0.08,-0.3,-0.3,48,72,66.7,534,142,34,42,81,8,10,80,1,7,14.3,1,0.5,0.2,0.5,5,4,2,0,3,3,2,2,1,0,2,3,66.7,1,7,0,7,3,6,1,0
Allan Saint-Maximin,fr FRA,"FW,MF",Newcastle Utd,24,1997,31.2,5,64,26,40.6,2.05,0.83,0.08,0.19,19.7,0,0,0,5.2,5.2,0.08,-0.2,-0.2,529,747,70.8,7953,1853,299,359,83.3,165,225,73.3,38,75,50.7,5,4.3,3.8,0.7,50,51,32,8,87,13,8,6,4,3,3,17,17.6,14,13,2,11,11,24,3,0
Bukayo Saka,eng ENG,"FW,MF",Arsenal,19,2001,33.1,11,95,29,30.5,2.87,0.88,0.09,0.31,17.1,0,2,2,10.3,8.7,0.09,0.7,0.3,893,1196,74.7,13040,2831,527,612,86.1,289,374,77.3,46,106,43.4,7,7.5,6.9,-0.5,68,40,31,6,101,40,21,12,17,11,13,39,33.3,26,28,2,26,22,62,23,0
Jadon Sancho,eng ENG,"FW,MF",Manchester Utd,21,2000,21.1,3,26,9,34.6,1.23,0.43,0.12,0.33,14.1,0,0,0,3.6,3.6,0.14,-0.6,-0.6,805,984,81.8,10392,2336,525,602,87.2,218,271,80.4,21,30,70,3,4.1,3.6,-1.1,41,31,39,7,88,14,8,9,4,1,8,22,36.4,14,19,0,19,15,29,5,3
Josh Sargent,us USA,"FW,MF",Norwich City,21,2000,17.5,2,24,2,8.3,1.37,0.11,0.08,1,17.1,0,0,0,2.5,2.5,0.1,-0.5,-0.5,292,410,71.2,3577,820,208,258,80.6,63,96,65.6,8,16,50,1,0.9,1.2,0.1,11,8,5,0,12,26,14,15,7,4,14,39,35.9,25,29,2,27,11,37,18,2
Jeremy Sarmiento,ec ECU,"FW,MF",Brighton,19,2002,0.5,0,0,0,,0,0,,,,0,0,0,0,0,,0,0,14,20,70,156,37,8,12,66.7,5,5,100,0,0,,0,0,0,0,0,1,1,0,1,1,1,0,0,1,0,2,0,2,2,0,2,0,1,0,0
Ismaila Sarr,sn SEN,"FW,MF",Watford,23,1998,20.7,5,39,15,38.5,1.89,0.73,0.13,0.33,18.3,0,0,1,4.8,4,0.1,0.2,1,332,478,69.5,4981,1253,182,225,80.9,105,144,72.9,21,41,51.2,2,2.9,2.3,-0.9,21,21,22,4,52,12,7,4,3,5,5,19,26.3,14,10,1,9,9,21,10,0
Adama Traoré,es ESP,"FW,MF",Wolves,25,1996,11.9,1,23,5,21.7,1.94,0.42,0.04,0.2,19.7,0,0,0,3,3,0.13,-2,-2,242,339,71.4,3655,663,126,158,79.7,79,109,72.5,21,31,67.7,0,1.4,1.4,-1.4,18,15,12,6,29,8,3,6,0,2,3,7,42.9,4,4,1,3,2,10,1,0
Francisco Trincão,pt POR,"FW,MF",Wolves,21,1999,14.8,2,32,13,40.6,2.16,0.88,0.06,0.15,18.6,1,0,0,3.7,3.7,0.12,-1.7,-1.7,356,463,76.9,5329,1095,201,230,87.4,104,127,81.9,30,55,54.5,1,1.6,1.6,-0.6,14,29,11,3,40,28,15,9,13,6,3,19,15.8,16,17,1,16,12,40,1,1
Leandro Trossard,be BEL,"FW,MF",Brighton,26,1994,31.2,8,73,26,35.6,2.34,0.83,0.1,0.27,18.7,5,1,1,6.7,5.9,0.08,1.3,1.1,898,1188,75.6,14462,3283,479,569,84.2,282,357,79,90,130,69.2,3,4.8,4.9,-1.8,47,71,53,3,154,34,20,12,9,13,4,31,12.9,27,33,4,29,15,49,10,0
Christos Tzolis,gr GRE,"FW,MF",Norwich City,19,2002,3.7,0,6,2,33.3,1.61,0.54,0,0,18.5,0,0,0,0.4,0.4,0.07,-0.4,-0.4,75,104,72.1,1152,287,41,51,80.4,26,31,83.9,5,15,33.3,0,0.7,0.6,-0.7,8,1,3,0,13,5,3,3,1,1,2,9,22.2,7,3,0,3,1,6,1,0
Nikola Vlašić,hr CRO,"FW,MF",West Ham,23,1997,6.2,1,7,3,42.9,1.13,0.48,0.14,0.33,18.5,0,0,0,1.3,1.3,0.19,-0.3,-0.3,165,218,75.7,2200,370,106,122,86.9,44,57,77.2,7,16,43.8,0,0.6,0.6,-0.6,9,6,3,1,14,11,7,4,6,1,5,20,25,15,4,0,4,2,13,1,0
Danny Welbeck,eng ENG,"FW,MF",Brighton,30,1990,16.4,6,43,21,48.8,2.62,1.28,0.14,0.29,12.8,0,0,0,6.6,6.6,0.16,-0.6,-0.6,213,277,76.9,2412,411,144,173,83.2,43,56,76.8,4,6,66.7,2,1.2,0.7,0.8,18,10,9,0,23,14,7,2,8,4,3,10,30,7,18,2,16,5,19,18,0
Timo Werner,de GER,"FW,MF",Chelsea,25,1996,14.3,4,45,16,35.6,3.16,1.12,0.09,0.25,13.3,0,0,0,6.8,6.8,0.15,-2.8,-2.8,297,402,73.9,3577,478,197,230,85.7,69,92,75,8,16,50,1,0.3,0.8,0.7,8,9,9,1,18,8,4,3,3,2,2,20,10,18,9,0,9,2,10,4,0
Andriy Yarmolenko,ua UKR,"FW,MF",West Ham,31,1989,3.5,1,11,5,45.5,3.13,1.42,0.09,0.2,15.2,0,0,0,0.8,0.8,0.07,0.2,0.2,80,109,73.4,1285,237,40,52,76.9,31,36,86.1,6,9,66.7,0,0.3,0.3,-0.3,4,3,4,1,12,4,2,2,2,0,2,8,25,6,4,2,2,0,4,2,0
Dele Alli,eng ENG,"MF,FW",Everton,25,1996,3.8,0,3,0,0,0.8,0,0,,19.4,0,0,0,0.1,0.1,0.04,-0.1,-0.1,114,157,72.6,1696,434,63,81,77.8,34,45,75.6,9,12,75,0,0.4,0.4,-0.4,7,10,3,1,13,7,2,3,4,0,0,4,0,4,7,2,5,6,13,10,0
Miguel Almirón,py PAR,"MF,FW",Newcastle Utd,27,1994,19.1,1,32,7,21.9,1.68,0.37,0.03,0.14,19.6,0,0,0,1.7,1.7,0.05,-0.7,-0.7,402,511,78.7,5720,1254,229,264,86.7,118,149,79.2,23,38,60.5,0,0.9,0.6,-0.9,16,26,5,0,46,47,29,23,17,7,11,44,25,33,14,1,13,20,67,13,0
Ross Barkley,eng ENG,"MF,FW",Chelsea,27,1993,2,1,9,4,44.4,4.53,2.01,0.11,0.25,22.3,0,0,0,1,1,0.11,0,0,106,128,82.8,1633,369,59,66,89.4,32,39,82.1,9,11,81.8,0,0.5,0.7,-0.5,8,6,7,0,14,0,0,0,0,0,0,1,0,1,1,0,1,1,1,0,0
Emi Buendía,ar ARG,"MF,FW",Aston Villa,24,1996,21.1,4,44,13,29.5,2.09,0.62,0.09,0.31,17.9,0,0,0,3.4,3.4,0.08,0.6,0.6,711,902,78.8,10017,2688,418,482,86.7,199,248,80.2,42,79,53.2,6,5.8,4.2,0.2,48,71,43,3,117,38,18,16,13,9,21,51,41.2,30,21,3,18,9,47,11,0
Carney Chukwuemeka,eng ENG,"MF,FW",Aston Villa,17,2003,3.3,0,4,1,25,1.2,0.3,0,0,17.1,0,0,0,0.6,0.6,0.16,-0.6,-0.6,98,121,81,1261,218,66,74,89.2,26,30,86.7,3,3,100,1,1,0.6,0,2,5,0,0,7,7,1,2,5,0,3,5,60,2,3,0,3,1,8,2,1
Philippe Coutinho,br BRA,"MF,FW",Aston Villa,29,1992,14.8,5,43,16,37.2,2.91,1.08,0.12,0.31,21.2,6,0,0,3.8,3.8,0.09,1.2,1.2,531,655,81.1,8091,2160,292,340,85.9,175,205,85.4,38,61,62.3,3,2.9,1.7,0.1,25,71,16,3,94,17,12,4,11,2,6,21,28.6,15,11,1,10,7,24,4,0
Josh Dasilva,eng ENG,"MF,FW",Brentford,22,1998,2.9,0,1,0,0,0.35,0,0,,13.2,0,0,0,0.1,0.1,0.08,-0.1,-0.1,75,93,80.6,1172,336,38,43,88.4,32,40,80,2,4,50,0,0.1,0.3,-0.1,3,6,4,0,11,2,1,0,1,1,1,2,50,1,3,0,3,1,3,7,0
Mohamed Elyounoussi,no NOR,"MF,FW",Southampton,26,1994,22.7,4,43,17,39.5,1.9,0.75,0.09,0.24,14.7,0,0,0,5.5,5.5,0.14,-1.5,-1.5,432,638,67.7,5864,1378,279,367,76,118,168,70.2,15,38,39.5,2,2.3,2.1,-0.3,28,39,19,3,81,36,17,14,15,7,11,39,28.2,28,23,2,21,12,48,28,0
Eberechi Eze,eng ENG,"MF,FW",Crystal Palace,23,1998,6.7,1,10,1,10,1.49,0.15,0.1,1,20.8,1,0,0,0.4,0.4,0.04,0.6,0.6,234,304,77,3880,972,124,145,85.5,82,101,81.2,25,41,61,1,0.9,0.8,0.1,11,22,7,2,33,10,6,5,2,3,6,11,54.5,5,4,1,3,5,15,1,0
Anthony Gordon,eng ENG,"MF,FW",Everton,20,2001,25.4,4,44,18,40.9,1.73,0.71,0.09,0.22,18.8,5,0,0,3.5,3.5,0.08,0.5,0.5,482,743,64.9,6816,1929,265,340,77.9,151,224,67.4,28,92,30.4,2,3.8,3.1,-1.8,35,27,21,8,51,54,32,20,30,4,21,59,35.6,38,49,3,46,22,76,17,0
Demarai Gray,jm JAM,"MF,FW",Everton,25,1996,26,5,65,17,26.2,2.5,0.65,0.08,0.29,20.5,4,0,0,4,4,0.06,1,1,555,769,72.2,9290,2076,277,315,87.9,182,246,74,65,129,50.4,4,3.6,3.5,0.4,41,23,23,7,59,30,19,13,10,7,10,22,45.5,12,30,2,28,15,45,21,1
Sam Greenwood,eng ENG,"MF,FW",Leeds United,19,2002,2.6,0,4,0,0,1.52,0,0,,20.3,1,0,0,0.3,0.3,0.07,-0.3,-0.3,54,80,67.5,731,134,30,37,81.1,18,24,75,1,10,10,2,0.2,0,1.8,4,5,1,0,5,8,5,0,5,3,4,7,57.1,3,3,0,3,2,10,1,0
Son Heung-min,kr KOR,"MF,FW",Tottenham,29,1992,33.4,23,86,48,55.8,2.57,1.44,0.27,0.48,15.7,2,0,0,15.9,15.9,0.19,7.1,7.1,928,1219,76.1,12453,3148,569,623,91.3,239,316,75.6,48,151,31.8,7,7.5,5.6,-0.5,72,33,42,4,90,15,6,5,7,3,5,23,21.7,18,27,6,21,13,28,8,0
Callum Hudson-Odoi,eng ENG,"MF,FW",Chelsea,20,2000,10.7,1,18,7,38.9,1.68,0.65,0.06,0.14,13.3,0,0,0,2.5,2.5,0.14,-1.5,-1.5,317,399,79.4,4453,981,203,232,87.5,87,109,79.8,15,33,45.5,2,2.1,1.9,-0.1,25,9,18,4,41,14,10,5,6,3,8,23,34.8,15,8,0,8,2,16,6,1
Joelinton,br BRA,"MF,FW",Newcastle Utd,24,1996,28.4,4,45,14,31.1,1.58,0.49,0.09,0.29,17.6,0,0,0,3.3,3.3,0.07,0.7,0.7,718,944,76.1,10060,2661,421,515,81.7,216,275,78.5,35,54,64.8,1,1.9,1.3,-0.9,29,68,17,2,92,72,38,30,33,9,26,61,42.6,35,46,11,35,34,106,50,2
Dejan Kulusevski,se SWE,"MF,FW",Tottenham,21,2000,14,5,26,9,34.6,1.86,0.64,0.19,0.56,16.9,0,0,0,2.7,2.7,0.11,2.3,2.3,404,486,83.1,5431,1144,259,287,90.2,107,127,84.3,17,24,70.8,8,3.4,2.7,4.6,25,15,24,5,35,19,13,7,10,2,5,23,21.7,18,14,0,14,13,32,3,0
Manuel Lanzini,ar ARG,"MF,FW",West Ham,28,1993,19.8,5,13,4,30.8,0.66,0.2,0.15,0.5,23.1,1,3,3,3.7,1.3,0.1,1.3,0.7,1118,1237,90.4,16115,3945,642,678,94.7,372,407,91.4,52,77,67.5,3,2.4,2.5,0.6,23,87,22,3,119,28,15,10,11,7,10,35,28.6,25,16,0,16,19,47,10,0
Aaron Lennon,eng ENG,"MF,FW",Burnley,34,1987,17.2,2,12,4,33.3,0.7,0.23,0.17,0.5,20.1,0,0,0,1.1,1.1,0.09,0.9,0.9,252,382,66,3280,783,156,197,79.2,65,102,63.7,10,28,35.7,0,0.5,0.5,-0.5,9,14,4,2,19,33,17,10,13,10,10,34,29.4,24,26,4,22,9,42,14,0
Giovani Lo Celso,ar ARG,"MF,FW",Tottenham,25,1996,2.6,0,9,0,0,3.4,0,0,,19.4,1,0,0,0.6,0.6,0.07,-0.6,-0.6,128,161,79.5,1757,346,76,81,93.8,28,40,70,10,13,76.9,0,0.7,0.3,-0.7,5,10,0,0,8,8,4,4,2,2,4,10,40,6,6,1,5,1,9,0,1
Jürgen Locadia,cw CUW,"MF,FW",Brighton,27,1993,0.3,0,1,0,0,3.91,0,0,,20.2,0,0,0,0.2,0.2,0.16,-0.2,-0.2,1,1,100,25,0,0,0,,1,1,100,0,0,,0,0,0,0,0,0,0,0,0,0,0,0,0,0,0,0,,0,0,0,0,0,0,0,0
Alexis Mac Allister,ar ARG,"MF,FW",Brighton,22,1998,23.6,5,57,9,15.8,2.42,0.38,0.05,0.33,22,4,2,3,6.3,4,0.07,-1.3,-1,858,1066,80.5,14410,4157,411,473,86.9,328,370,88.6,78,133,58.6,2,1.9,2.6,0.1,31,104,25,2,137,65,40,23,30,12,29,68,42.6,39,37,7,30,13,78,22,0
James Maddison,eng ENG,"MF,FW",Leicester City,24,1996,27.3,12,72,33,45.8,2.64,1.21,0.17,0.36,20.7,13,0,0,7.5,7.5,0.1,4.5,4.5,796,1089,73.1,13401,4128,389,453,85.9,292,365,80,89,198,44.9,8,5.1,3.9,2.9,48,82,38,7,136,40,20,8,24,8,14,46,30.4,32,18,3,15,11,51,12,0
James Mcatee,eng ENG,"MF,FW",Manchester City,18,2002,0.2,0,1,0,0,4.5,0,0,,10.7,0,0,0,0.1,0.1,0.08,-0.1,-0.1,9,13,69.2,141,7,3,5,60,6,6,100,0,1,0,0,0,0,0,0,0,0,0,1,0,0,0,0,0,0,2,0,2,0,0,0,0,0,0,0
Alex Oxlade-Chamberlain,eng ENG,"MF,FW",Liverpool,27,1993,8.7,2,21,3,14.3,2.41,0.34,0.1,0.67,21.5,0,0,0,1.3,1.3,0.06,0.7,0.7,316,407,77.6,5588,1406,136,161,84.5,133,157,84.7,36,55,65.5,1,1.1,0.8,-0.1,10,45,16,4,61,15,11,2,8,5,3,14,21.4,11,12,2,10,6,21,5,0
Ayoze Pérez,es ESP,"MF,FW",Leicester City,28,1993,4.9,2,11,6,54.5,2.22,1.21,0.18,0.33,15.3,0,0,0,1.6,1.6,0.15,0.4,0.4,123,156,78.8,1552,421,75,89,84.3,29,35,82.9,5,8,62.5,3,1.6,0.6,1.4,11,12,5,0,18,4,2,0,3,1,0,13,0,13,11,1,10,2,6,5,0
Paul Pogba,fr FRA,"MF,FW",Manchester Utd,28,1993,15,1,32,8,25,2.13,0.53,0.03,0.13,18,0,0,0,2.6,2.6,0.08,-1.6,-1.6,736,893,82.4,13244,3871,350,400,87.5,255,296,86.1,105,132,79.5,9,3.5,2.8,5.5,24,99,24,2,117,13,9,5,7,1,6,28,21.4,22,11,0,11,13,26,16,0
Christian Pulisic,us USA,"MF,FW",Chelsea,22,1998,14.3,6,28,11,39.3,1.95,0.77,0.21,0.55,13.2,0,0,0,4.9,4.9,0.18,1.1,1.1,362,464,78,4638,921,240,279,86,100,121,82.6,7,13,53.8,2,1.3,1.1,0.7,15,19,6,0,38,10,7,6,3,1,3,17,17.6,14,12,0,12,5,15,10,0
Nathan Redmond,eng ENG,"MF,FW",Southampton,27,1994,20.4,1,26,9,34.6,1.28,0.44,0.04,0.11,21.2,1,0,0,1.7,1.7,0.07,-0.7,-0.7,510,735,69.4,7900,2509,277,338,82,172,247,69.6,37,92,40.2,5,3.9,3.1,1.1,34,38,44,13,95,22,14,9,9,4,7,30,23.3,23,21,2,19,8,30,16,0
Tyler Roberts,wls WAL,"MF,FW",Leeds United,22,1999,11,1,30,12,40,2.74,1.09,0.03,0.08,19.7,0,0,0,2.4,2.4,0.08,-1.4,-1.4,214,300,71.3,3004,771,124,154,80.5,61,81,75.3,13,29,44.8,1,1,0.7,0,15,17,10,2,29,16,7,6,7,3,9,16,56.3,7,11,1,10,5,21,11,0
Rodrigo,es ESP,"MF,FW",Leeds United,30,1991,25.2,6,46,17,37,1.83,0.68,0.11,0.29,18.9,0,1,1,4.2,3.5,0.08,1.8,1.5,682,914,74.6,10330,2668,371,453,81.9,188,243,77.4,63,96,65.6,1,3.1,2.7,-2.1,38,54,31,6,105,20,9,7,6,7,4,32,12.5,28,12,0,12,11,31,27,1
Jeffrey Schlupp,gh GHA,"MF,FW",Crystal Palace,28,1992,20.6,4,33,9,27.3,1.6,0.44,0.12,0.44,14.3,0,0,0,3.4,3.4,0.1,0.6,0.6,493,668,73.8,7971,2386,249,302,82.5,201,253,79.4,29,55,52.7,1,1.6,1.2,-0.6,18,46,12,2,70,46,25,16,23,7,24,50,48,26,39,9,30,18,64,32,0
Ken Sema,se SWE,"MF,FW",Watford,27,1993,9.5,0,3,1,33.3,0.32,0.11,0,0,20.5,1,0,0,0.1,0.1,0.04,-0.1,-0.1,140,224,62.5,2280,758,84,108,77.8,35,53,66,15,39,38.5,0,1.3,1.1,-1.3,12,7,3,2,8,16,6,11,4,1,9,20,45,11,10,0,10,5,21,11,0
Bernardo Silva,pt POR,"MF,FW",Manchester City,26,1994,31.7,8,47,19,40.4,1.48,0.6,0.17,0.42,12.6,0,0,0,6.7,6.7,0.14,1.3,1.3,1728,1977,87.4,24552,4453,1027,1113,92.3,543,614,88.4,73,109,67,4,6.5,4,-2.5,59,106,42,6,170,57,29,19,19,19,31,67,46.3,36,24,2,22,20,77,19,0
William Smallbone,ie IRL,"MF,FW",Southampton,21,2000,1.5,0,1,0,0,0.68,0,0,,17.6,0,0,0,0.1,0.1,0.05,-0.1,-0.1,20,39,51.3,284,86,9,14,64.3,10,16,62.5,1,4,25,0,0,0,0,1,0,0,0,2,4,4,2,2,0,1,3,33.3,2,4,0,4,2,6,0,0
Emile Smith Rowe,eng ENG,"MF,FW",Arsenal,21,2000,21.3,10,40,23,57.5,1.87,1.08,0.25,0.43,15.8,0,0,0,6,6,0.15,4,4,682,823,82.9,9733,1935,401,441,90.9,230,268,85.8,25,58,43.1,2,2,2.3,0,30,41,20,1,85,14,7,7,7,0,4,20,20,16,18,1,17,15,29,10,1
Tony Springett,ie IRL,"MF,FW",Norwich City,18,2002,1.6,0,1,1,100,0.64,0.64,0,0,12.9,0,0,0,0.2,0.2,0.17,-0.2,-0.2,25,38,65.8,348,78,16,22,72.7,9,10,90,0,2,0,0,0.5,0,-0.5,2,1,1,1,2,2,1,1,1,0,1,4,25,3,0,0,0,0,2,2,0
Crysencio Summerville,nl NED,"MF,FW",Leeds United,19,2001,1.4,0,2,0,0,1.38,0,0,,12.7,0,0,0,0.2,0.2,0.12,-0.2,-0.2,51,70,72.9,638,142,32,37,86.5,14,21,66.7,1,3,33.3,0,0,0.1,0,2,2,4,0,7,5,3,1,1,3,2,3,66.7,1,2,0,2,2,7,0,0
Nathan Tella,ng NGA,"MF,FW",Southampton,22,1999,8.9,0,12,5,41.7,1.34,0.56,0,0,21.8,0,0,0,0.6,0.6,0.05,-0.6,-0.6,103,177,58.2,1445,383,61,81,75.3,31,55,56.4,4,13,30.8,1,0.6,0.3,0.4,7,11,4,3,17,13,9,5,7,1,6,17,35.3,11,13,0,13,6,19,9,0
Andros Townsend,eng ENG,"MF,FW",Everton,30,1991,16.2,3,20,9,45,1.24,0.56,0.1,0.22,22.1,4,1,1,2.2,1.5,0.07,0.8,0.5,342,497,68.8,5285,1870,185,219,84.5,114,153,74.5,28,82,34.1,2,3.1,2.5,-1.1,31,24,26,16,50,31,17,15,6,10,15,40,37.5,25,28,2,26,14,45,6,1
Bertrand Traoré,bf BFA,"MF,FW",Aston Villa,25,1995,2.4,0,8,1,12.5,3.27,0.41,0,0,18.5,0,0,0,0.3,0.3,0.04,-0.3,-0.3,61,84,72.6,923,210,34,41,82.9,24,32,75,2,5,40,0,0,0.1,0,0,5,5,0,12,3,3,0,1,2,1,2,50,1,0,0,0,0,3,1,0
Theo Walcott,eng ENG,"MF,FW",Southampton,32,1989,4.2,0,6,0,0,1.42,0,0,,16.4,0,0,0,0.6,0.6,0.1,-0.6,-0.6,59,87,67.8,759,128,36,43,83.7,15,27,55.6,3,4,75,0,0,0.1,0,1,2,1,0,5,4,2,2,0,2,1,5,20,4,3,0,3,5,9,2,0
Hakim Ziyech,ma MAR,"MF,FW",Chelsea,28,1993,14.7,4,52,19,36.5,3.55,1.3,0.08,0.21,21.2,3,0,0,3.4,3.4,0.07,0.6,0.6,544,755,72.1,7935,2498,336,380,88.4,141,204,69.1,40,98,40.8,3,2.9,3.1,0.1,29,48,28,8,88,19,10,5,12,2,10,36,27.8,26,11,1,10,10,29,10,0
Martin Ødegaard,no NOR,"MF,FW",Arsenal,22,1998,30.9,7,53,21,39.6,1.71,0.68,0.13,0.33,21,12,0,0,4.8,4.8,0.09,2.2,2.2,1368,1633,83.8,21846,5049,681,763,89.3,541,612,88.4,90,145,62.1,4,6.3,5.4,-2.3,77,113,71,3,224,49,21,6,24,19,22,61,36.1,39,18,1,17,11,60,11,1
Marc Albrighton,eng ENG,"FW,DF",Leicester City,31,1989,12.6,1,4,1,25,0.32,0.08,0.25,1,16.3,0,0,0,0.5,0.5,0.12,0.5,0.5,347,558,62.2,5152,2040,220,258,85.3,86,145,59.3,26,94,27.7,2,2,1,0,11,23,8,6,26,31,19,16,9,6,10,47,21.3,37,15,3,12,14,45,20,0
Dwight Gayle,eng ENG,"FW,DF",Newcastle Utd,30,1990,0.4,0,2,0,0,4.74,0,0,,7.3,0,0,0,0.6,0.6,0.28,-0.6,-0.6,13,16,81.3,104,12,11,12,91.7,0,1,0,0,0,,0,0.3,0.1,-0.3,2,1,0,0,0,1,0,0,1,0,0,1,0,1,0,0,0,1,2,0,0
Jacob Murphy,eng ENG,"FW,DF",Newcastle Utd,26,1995,16.4,1,27,5,18.5,1.65,0.31,0.04,0.2,19.3,1,0,0,2.2,2.2,0.08,-1.2,-1.2,364,581,62.7,5480,1975,182,233,78.1,119,183,65,29,82,35.4,2,2.6,1.9,-0.6,20,33,19,6,44,49,26,34,11,4,26,41,63.4,15,20,2,18,23,72,17,0
Thiago Alcántara,es ESP,MF,Liverpool,30,1991,17,1,25,6,24,1.47,0.35,0.04,0.17,19.3,0,0,0,1.9,1.9,0.08,-0.9,-0.9,1340,1508,88.9,24737,7150,573,624,91.8,594,640,92.8,150,190,78.9,4,2.3,1.7,1.7,29,211,26,1,214,48,29,14,24,10,10,42,23.8,32,22,2,20,26,74,13,2
Allan,br BRA,MF,Everton,30,1991,24.3,0,7,3,42.9,0.29,0.12,0,0,24.5,0,0,0,0.2,0.2,0.03,-0.2,-0.2,778,982,79.2,12868,4192,356,405,87.9,337,402,83.8,57,102,55.9,2,0.8,1,1.2,15,103,20,3,130,74,44,28,39,7,34,105,32.4,71,40,9,31,23,97,39,1
Dele Alli,eng ENG,MF,Tottenham,25,1996,7.3,1,3,2,66.7,0.41,0.27,0,0,21.4,0,1,1,1.6,0.8,0.26,-0.6,-0.8,177,228,77.6,2353,563,105,124,84.7,45,53,84.9,10,20,50,0,0.3,0.4,-0.3,2,14,4,1,18,14,8,10,3,1,5,17,29.4,12,22,5,17,6,20,16,0
Steven Alzate,co COL,MF,Brighton,22,1998,4.5,0,1,1,100,0.22,0.22,0,0,16.1,0,0,0,0.1,0.1,0.07,-0.1,-0.1,204,233,87.6,3213,865,105,116,90.5,72,78,92.3,17,24,70.8,0,0.2,0.2,-0.2,2,18,1,0,21,10,4,4,5,1,4,7,57.1,3,2,1,1,10,20,10,0
Stuart Armstrong,sct SCO,MF,Southampton,29,1992,16.4,2,38,9,23.7,2.32,0.55,0.05,0.22,20.5,0,0,0,2.5,2.5,0.07,-0.5,-0.5,590,744,79.3,8618,2144,321,386,83.2,217,250,86.8,25,42,59.5,0,1.5,1.4,-1.5,25,46,23,4,83,27,19,15,6,6,9,23,39.1,14,10,1,9,8,35,15,0
Shandon Baptiste,gd GRN,MF,Brentford,23,1998,10.1,1,12,4,33.3,1.19,0.4,0.08,0.25,20.1,0,0,0,0.7,0.7,0.06,0.3,0.3,257,308,83.4,3885,900,140,156,89.7,85,99,85.9,17,30,56.7,0,0.5,0.5,-0.5,9,21,6,1,35,14,4,9,4,1,6,15,40,9,10,0,10,11,25,12,0
Lewis Bate,eng ENG,MF,Leeds United,18,2002,1.6,0,1,0,0,0.62,0,0,,28.9,0,0,0,0,0,0.01,0,0,45,61,73.8,654,199,23,30,76.7,15,17,88.2,3,5,60,0,0,0,0,0,2,0,0,6,1,0,0,0,1,0,8,0,8,1,0,1,1,2,1,0
Donny van de Beek,nl NED,MF,Manchester Utd,24,1997,0.8,1,2,1,50,2.4,1.2,0.5,1,9,0,0,0,0.5,0.5,0.24,0.5,0.5,26,34,76.5,348,170,18,21,85.7,5,6,83.3,1,1,100,0,0.4,0.2,-0.4,3,2,3,0,4,6,4,4,1,1,1,2,50,1,5,1,4,2,8,1,0
Donny van de Beek,nl NED,MF,Everton,24,1997,5.4,1,5,1,20,0.93,0.19,0.2,1,20.5,0,0,0,1.1,1.1,0.21,-0.1,-0.1,206,250,82.4,2732,712,112,128,87.5,73,85,85.9,3,12,25,0,0.1,0.2,-0.1,2,21,3,0,20,15,7,8,6,1,6,13,46.2,7,6,2,4,6,21,4,0
Rodrigo Bentancur,uy URU,MF,Tottenham,24,1997,15.1,0,14,2,14.3,0.93,0.13,0,0,19.5,0,0,0,0.8,0.8,0.06,-0.8,-0.8,912,1019,89.5,14966,3399,420,454,92.5,384,409,93.9,64,88,72.7,4,2.6,1.4,1.4,15,81,4,2,76,36,18,14,14,8,16,32,50,16,24,9,15,20,56,35,0
Jóhann Berg Guðmundsson,is ISL,MF,Burnley,30,1990,12.2,0,19,5,26.3,1.55,0.41,0,0,19.9,2,0,0,1.6,1.6,0.08,-1.6,-1.6,209,341,61.3,2955,687,132,166,79.5,50,85,58.8,15,45,33.3,1,0.5,0.8,0.5,6,7,11,9,16,16,6,7,7,2,5,20,25,15,11,2,9,12,28,22,0
Mads Bidstrup,dk DEN,MF,Brentford,20,2001,0.5,0,0,0,,0,0,,,,0,0,0,0,0,,0,0,10,13,76.9,140,31,4,5,80,4,5,80,1,1,100,0,0,0,0,0,0,0,0,0,1,0,0,1,0,0,3,0,3,0,0,0,1,2,2,0
Yves Bissouma,ml MLI,MF,Brighton,24,1996,23.5,1,21,5,23.8,0.9,0.21,0.05,0.2,25.3,1,0,0,0.9,0.9,0.04,0.1,0.1,1061,1193,88.9,17341,3663,517,556,93,419,456,91.9,87,112,77.7,2,0.8,0.7,1.2,8,73,13,0,92,76,49,35,37,4,21,37,56.8,16,33,3,30,50,126,49,0
Josh Brownhill,eng ENG,MF,Burnley,25,1995,32.8,2,29,9,31,0.88,0.27,0.07,0.22,23.8,4,0,0,1.4,1.4,0.05,0.6,0.6,891,1196,74.5,13793,4197,463,547,84.6,291,389,74.8,77,147,52.4,3,2.6,3.2,0.4,40,97,22,3,106,73,37,25,42,6,21,53,39.6,32,37,12,25,68,141,42,1
Lewis Brunt,eng ENG,MF,Leicester City,20,2000,0.3,0,0,0,,0,0,,,,0,0,0,0,0,,0,0,21,21,100,365,28,10,10,100,10,10,100,1,1,100,0,0,0,0,0,1,0,0,2,0,0,0,0,0,0,0,,0,1,0,1,0,0,0,0
Moisés Caicedo,ec ECU,MF,Brighton,19,2001,7.3,1,10,4,40,1.36,0.55,0.1,0.25,18.4,0,0,0,0.8,0.8,0.09,0.2,0.2,225,275,81.8,3117,843,144,164,87.8,59,75,78.7,12,17,70.6,1,0.3,0.4,0.7,4,19,2,0,22,16,10,7,7,2,5,12,41.7,7,18,4,14,10,26,7,0
Chem Campbell,wls WAL,MF,Wolves,18,2002,0.1,0,0,0,,0,0,,,,0,0,0,0,0,,0,0,9,10,90,90,14,8,9,88.9,1,1,100,0,0,,0,0,0,0,0,0,0,0,0,1,1,0,1,0,0,0,,0,0,0,0,0,1,0,0
Daniel Chesters,eng ENG,MF,West Ham,19,2002,0,0,0,0,,0,0,,,,0,0,0,0,0,,0,0,0,0,,0,0,0,0,,0,0,,0,0,,0,0,0,0,0,0,0,0,0,0,0,0,0,0,0,0,,0,0,0,0,0,0,0,0
Tom Cleverley,eng ENG,MF,Watford,31,1989,18,0,12,7,58.3,0.67,0.39,0,0,21,0,0,0,0.7,0.7,0.06,-0.7,-0.7,479,658,72.8,7468,2178,239,280,85.4,169,212,79.7,40,109,36.7,2,2.1,1.3,-0.1,20,42,8,5,64,37,20,19,17,1,18,33,54.5,15,23,6,17,18,55,19,3
Jack Cork,eng ENG,MF,Burnley,32,1989,18.6,1,7,1,14.3,0.38,0.05,0.14,1,18,0,0,0,0.7,0.7,0.1,0.3,0.3,423,577,73.3,6846,1918,217,273,79.5,143,191,74.9,43,71,60.6,0,0.3,0.3,-0.3,6,45,5,1,46,20,6,6,11,3,7,20,35,13,17,4,13,17,37,29,1
Hélder Costa,ao ANG,MF,Leeds United,27,1994,0.2,0,1,0,0,4.09,0,0,,23.3,0,0,0,0,0,0.01,0,0,5,5,100,79,0,2,2,100,3,3,100,0,0,,0,0,0,0,0,0,0,0,0,0,0,0,0,0,0,0,,0,1,0,1,0,0,0,0
Luke Cundle,eng ENG,MF,Wolves,19,2002,2,0,0,0,,0,0,,,,0,0,0,0,0,,0,0,96,105,91.4,1485,302,48,51,94.1,38,42,90.5,7,9,77.8,0,0.2,0.2,-0.2,2,11,2,0,9,4,3,0,4,0,1,1,100,0,0,0,0,1,5,1,0
Tom Davies,eng ENG,MF,Everton,23,1998,2.6,1,6,2,33.3,2.31,0.77,0.17,0.5,17.3,0,0,0,0.8,0.8,0.14,0.2,0.2,60,82,73.2,822,261,35,38,92.1,18,24,75,2,6,33.3,0,0,0.1,0,0,4,1,0,7,3,1,1,1,1,2,5,40,3,2,1,1,2,5,9,0
Kevin De Bruyne,be BEL,MF,Manchester City,30,1991,24.5,15,78,31,39.7,3.19,1.27,0.19,0.48,19.2,7,0,0,5.7,5.7,0.07,9.3,9.3,1170,1568,74.6,19948,5365,581,663,87.6,434,558,77.8,122,249,49,8,10.4,7.5,-2.4,87,143,65,10,204,32,16,4,15,13,12,37,32.4,25,32,2,30,6,38,16,0
Fabian Delph,eng ENG,MF,Everton,31,1989,7.4,0,2,0,0,0.27,0,0,,27.3,0,0,0,0,0,0.02,0,0,259,309,83.8,4612,1427,125,138,90.6,90,103,87.4,35,48,72.9,0,0.1,0.1,-0.1,4,37,2,0,34,18,15,10,7,1,8,21,38.1,13,12,5,7,14,32,10,0
Leander Dendoncker,be BEL,MF,Wolves,26,1995,21.7,2,23,10,43.5,1.06,0.46,0.09,0.2,16.1,0,0,0,2.2,2.2,0.1,-0.2,-0.2,709,822,86.3,11172,2199,328,377,87,301,328,91.8,45,57,78.9,2,1.1,0.4,0.9,11,52,4,0,64,42,17,25,14,3,22,50,44,28,37,10,27,9,51,38,1
Kiernan Dewsbury-Hall,eng ENG,MF,Leicester City,22,1998,23.4,1,21,3,14.3,0.9,0.13,0.05,0.33,21.6,1,0,0,1.2,1.2,0.06,-0.2,-0.2,950,1250,76,13947,3778,542,623,87,308,394,78.2,55,134,41,2,2.7,2.6,-0.7,35,103,26,7,132,39,24,20,14,5,19,40,47.5,21,37,8,29,21,60,26,1
Ibrahima Diallo,fr FRA,MF,Southampton,22,1999,11.4,0,8,4,50,0.7,0.35,0,0,21.3,0,0,0,0.4,0.4,0.05,-0.4,-0.4,361,453,79.7,5657,1490,190,232,81.9,132,155,85.2,26,35,74.3,2,1,0.3,1,16,43,3,2,57,22,11,10,9,3,10,24,41.7,14,7,0,7,9,31,10,0
Moussa Djenepo,ml MLI,MF,Southampton,23,1998,5.1,0,11,1,9.1,2.17,0.2,0,0,16.3,0,0,0,1.5,1.5,0.13,-1.5,-1.5,109,147,74.1,1480,513,58,68,85.3,39,51,76.5,4,10,40,0,0.3,0.5,-0.3,6,10,9,2,18,9,3,3,5,1,3,11,27.3,8,6,1,5,2,11,6,1
Abdoulaye Doucouré,ml MLI,MF,Everton,28,1993,28.2,2,34,11,32.4,1.21,0.39,0.06,0.18,17.9,0,0,0,2.2,2.2,0.06,-0.2,-0.2,864,1097,78.8,12771,3058,490,581,84.3,296,351,84.3,45,72,62.5,4,2,1.3,2,19,81,19,0,113,75,43,30,37,8,32,71,45.1,39,33,8,25,28,103,32,0
Harvey Elliott,eng ENG,MF,Liverpool,18,2003,3.8,0,10,1,10,2.6,0.26,0,0,18.5,0,0,0,0.8,0.8,0.08,-0.8,-0.8,209,256,81.6,3057,789,121,135,89.6,68,79,86.1,11,14,78.6,0,0.6,0.4,-0.6,9,21,6,2,36,3,0,1,1,1,0,6,0,6,8,1,7,4,7,2,0
Mohamed Elneny,eg EGY,MF,Arsenal,29,1992,9,0,8,2,25,0.89,0.22,0,0,26.9,0,0,0,0.2,0.2,0.02,-0.2,-0.2,528,565,93.5,8669,2398,248,263,94.3,236,242,97.5,32,39,82.1,2,0.4,0.3,1.6,9,59,2,0,43,16,8,10,5,1,7,12,58.3,5,7,1,6,14,30,13,0
Christian Eriksen,dk DEN,MF,Brentford,29,1992,10.4,1,22,8,36.4,2.11,0.77,0.05,0.13,24.6,5,0,0,1.3,1.3,0.06,-0.3,-0.3,478,639,74.8,9842,3756,193,210,91.9,171,215,79.5,102,179,57,4,3.5,2.8,0.5,30,84,17,7,82,13,6,4,5,4,8,17,47.1,9,9,1,8,9,22,14,0
Oghenekaro Etebo,ng NGA,MF,Watford,25,1995,4.5,0,3,0,0,0.67,0,0,,31,0,0,0,0.1,0.1,0.02,-0.1,-0.1,151,168,89.9,3035,923,50,54,92.6,79,85,92.9,21,26,80.8,0,0.1,0.2,-0.1,2,15,3,1,16,11,8,7,4,0,3,8,37.5,5,3,1,2,5,16,5,0
Fabinho,br BRA,MF,Liverpool,27,1993,25.7,5,19,7,36.8,0.74,0.27,0.16,0.43,19.9,2,2,2,3.9,2.4,0.14,1.1,0.6,1350,1550,87.1,21821,5712,676,741,91.2,548,608,90.1,94,135,69.6,1,1.3,1.9,-0.3,16,151,12,1,134,46,25,17,23,6,24,70,34.3,46,33,10,23,39,85,25,1
Evan Ferguson,ie IRL,MF,Brighton,16,2004,0.3,0,0,0,,0,0,,,,0,0,0,0,0,,0,0,5,6,83.3,73,0,3,4,75,0,0,,1,1,100,0,0,0,0,0,0,0,0,0,0,0,0,0,0,0,0,,0,0,0,0,0,0,0,0
Bruno Fernandes,pt POR,MF,Manchester Utd,26,1994,34.6,10,87,29,33.3,2.52,0.84,0.11,0.34,21.9,6,0,2,9.7,8.1,0.09,0.3,1.9,1549,2093,74,26517,7848,792,925,85.6,509,636,80,195,371,52.6,6,9,6.9,-3,88,170,81,14,237,54,28,26,22,6,26,91,28.6,65,36,0,36,17,71,42,2
Adam Forshaw,eng ENG,MF,Leeds United,29,1991,17,0,14,4,28.6,0.82,0.24,0,0,25,1,0,0,0.5,0.5,0.03,-0.5,-0.5,695,842,82.5,11652,3225,342,389,87.9,253,290,87.2,73,103,70.9,1,1,0.7,0,13,68,8,0,80,53,23,21,27,5,21,54,38.9,33,17,1,16,19,72,12,2
Fred,br BRA,MF,Manchester Utd,28,1993,22.5,4,15,9,60,0.67,0.4,0.27,0.44,21.3,0,0,0,1.3,1.3,0.08,2.7,2.7,1137,1358,83.7,18842,5515,547,626,87.4,448,506,88.5,92,118,78,4,2.2,3,1.8,28,131,13,1,138,63,27,32,24,7,22,79,27.8,57,38,11,27,32,95,24,0
Conor Gallagher,eng ENG,MF,Crystal Palace,21,2000,31.6,8,52,22,42.3,1.64,0.7,0.15,0.36,17.5,4,0,0,6.3,6.3,0.12,1.7,1.7,890,1188,74.9,14543,3809,443,517,85.7,305,386,79,88,173,50.9,3,3.1,3.1,-0.1,38,86,20,9,94,69,38,35,20,14,21,69,30.4,48,58,9,49,29,98,26,0
Jean-Philippe Gbamin,ci CIV,MF,Everton,25,1995,0.7,0,0,0,,0,0,,,,0,0,0,0,0,,0,0,16,22,72.7,207,38,11,13,84.6,4,6,66.7,0,1,0,0,0,0,0,0,1,0,0,0,1,1,1,0,0,0,2,0,2,0,0,0,1,2,1,0
Billy Gilmour,sct SCO,MF,Norwich City,20,2001,20.6,0,18,3,16.7,0.87,0.15,0,0,23.3,2,0,0,0.9,0.9,0.05,-0.9,-0.9,991,1243,79.7,18498,5588,456,514,88.7,357,419,85.2,152,258,58.9,1,1.4,1.9,-0.4,25,94,17,3,112,41,21,16,21,4,14,52,26.9,38,21,4,17,17,58,29,0
André Gomes,pt POR,MF,Everton,28,1993,6.9,0,14,4,28.6,2.04,0.58,0,0,23.5,0,0,0,0.7,0.7,0.05,-0.7,-0.7,218,282,77.3,3491,1060,116,134,86.6,75,89,84.3,19,37,51.4,1,0.2,0.2,0.8,4,29,4,2,25,16,4,6,6,4,8,32,25,24,8,2,6,1,17,7,1
Dan Gosling,eng ENG,MF,Watford,31,1990,1.8,1,2,1,50,1.08,0.54,0.5,1,16.6,0,0,0,0.2,0.2,0.11,0.8,0.8,55,65,84.6,836,216,31,33,93.9,19,22,86.4,4,6,66.7,0,0,0,0,1,4,0,0,4,2,1,1,1,0,2,6,33.3,4,2,0,2,0,2,3,0
Bruno Guimarães,br BRA,MF,Newcastle Utd,23,1997,11.5,5,23,12,52.2,2,1.04,0.22,0.42,18,0,0,0,3.1,3.1,0.16,1.9,1.9,441,522,84.5,7876,1942,208,231,90,156,178,87.6,59,73,80.8,1,1.1,1.4,-0.1,12,41,13,4,54,44,23,18,22,4,21,38,55.3,17,25,6,19,9,53,13,0
İlkay Gündoğan,de GER,MF,Manchester City,30,1990,20.6,8,55,18,32.7,2.67,0.87,0.15,0.44,14.5,2,0,0,9,9,0.16,-1,-1,1175,1340,87.7,18647,4054,608,648,93.8,412,456,90.4,105,151,69.5,4,4.9,4.2,-0.9,38,95,22,1,126,23,9,10,12,1,12,31,38.7,19,11,1,10,15,38,10,0
Jordan Henderson,eng ENG,MF,Liverpool,31,1990,28.9,2,31,6,19.4,1.07,0.21,0.06,0.33,24.5,1,0,0,1.5,1.5,0.05,0.5,0.5,1886,2246,84,31808,8574,874,975,89.6,801,921,87,153,228,67.1,5,3.5,3.7,1.5,38,215,52,14,245,36,20,9,25,2,17,44,38.6,27,25,1,24,23,59,14,0
Jeff Hendrick,ie IRL,MF,Newcastle Utd,29,1992,0.8,1,1,1,100,1.25,1.25,1,1,28.1,0,0,0,0.1,0.1,0.09,0.9,0.9,27,29,93.1,489,43,12,13,92.3,12,12,100,3,4,75,0,0,0,0,1,2,0,0,0,1,1,0,1,0,1,1,100,0,0,0,0,0,1,1,0
Will Hughes,eng ENG,MF,Crystal Palace,26,1995,11.7,0,6,0,0,0.51,0,0,,23.2,0,0,0,0.1,0.1,0.02,-0.1,-0.1,436,537,81.2,7228,1815,206,232,88.8,184,205,89.8,31,64,48.4,1,0.6,0.6,0.4,9,31,6,2,38,29,14,10,16,3,7,16,43.8,9,13,7,6,8,37,10,0
Pierre Højbjerg,dk DEN,MF,Tottenham,25,1995,35.5,2,31,10,32.3,0.87,0.28,0.06,0.2,22.2,1,0,0,1.9,1.9,0.06,0.1,0.1,2287,2570,89,37884,10800,1115,1199,93,877,961,91.3,194,269,72.1,2,2.3,2.9,-0.3,25,229,36,3,242,78,45,31,38,9,38,85,44.7,47,61,13,48,48,126,54,0
Tim Iroegbunam,eng ENG,MF,Aston Villa,18,2003,1,0,1,0,0,0.98,0,0,,11.2,0,0,0,0.1,0.1,0.12,-0.1,-0.1,22,27,81.5,288,155,14,18,77.8,8,9,88.9,0,0,,0,0,0,0,0,3,0,0,4,5,4,2,3,0,1,1,100,0,0,0,0,2,7,1,0
Vitaly Janelt,de GER,MF,Brentford,23,1998,25.5,4,30,12,40,1.17,0.47,0.13,0.33,18.4,0,0,0,2.4,2.4,0.08,1.6,1.6,755,1005,75.1,12860,4122,341,413,82.6,321,388,82.7,65,136,47.8,0,1.9,2,-1.9,23,80,13,3,103,61,32,26,27,8,27,53,50.9,26,23,7,16,28,89,35,0
Mathias Jensen,dk DEN,MF,Brentford,25,1996,17.8,0,19,5,26.3,1.07,0.28,0,0,21,0,0,0,2.9,2.9,0.16,-2.9,-2.9,574,795,72.2,11460,3742,247,294,84,201,260,77.3,115,203,56.7,1,3.2,3.4,-2.2,35,74,28,10,103,33,18,12,16,5,22,63,34.9,41,32,3,29,22,55,13,0
Curtis Jones,eng ENG,MF,Liverpool,20,2001,9.5,1,20,7,35,2.12,0.74,0.05,0.14,23.2,0,0,0,0.9,0.9,0.05,0.1,0.1,538,599,89.8,8198,1811,289,305,94.8,204,219,93.2,31,44,70.5,1,0.6,0.5,0.4,11,53,10,1,58,11,9,3,6,2,1,10,10,9,4,0,4,6,17,4,0
Jorginho,it ITA,MF,Chelsea,29,1991,25.3,6,9,2,22.2,0.36,0.08,0,0,32.6,0,6,7,5.8,0.3,0.04,0.2,-0.3,1681,1887,89.1,26181,7227,862,928,92.9,669,730,91.6,91,140,65,2,2.7,1.9,-0.7,27,186,36,0,178,64,33,27,31,6,29,83,34.9,54,27,4,23,36,100,21,1
N'Golo Kanté,fr FRA,MF,Chelsea,30,1991,19.7,2,17,9,52.9,0.86,0.46,0.12,0.22,19.6,0,0,0,1.5,1.5,0.09,0.5,0.5,1121,1308,85.7,16188,4538,630,695,90.6,397,450,88.2,43,61,70.5,4,2.1,2.4,1.9,24,105,29,0,159,59,31,20,27,12,25,40,62.5,15,37,2,35,31,90,8,0
Edo Kayembe,cd COD,MF,Watford,23,1998,8.9,0,6,0,0,0.68,0,0,,29.8,0,0,0,0.1,0.1,0.02,-0.1,-0.1,374,442,84.6,6881,1938,159,176,90.3,166,187,88.8,43,59,72.9,0,0.3,0.3,-0.3,6,42,1,0,47,21,13,11,9,1,8,16,50,8,6,1,5,9,30,13,0
Naby Keïta,gn GUI,MF,Liverpool,26,1995,13,3,26,7,26.9,1.99,0.54,0.12,0.43,22.6,0,0,0,2.2,2.2,0.08,0.8,0.8,643,757,84.9,9141,2501,380,425,89.4,219,251,87.3,22,33,66.7,1,1.9,2.1,-0.9,15,56,21,0,75,46,23,17,19,10,26,42,61.9,16,33,2,31,14,60,8,0
Mateusz Klich,pl POL,MF,Leeds United,31,1990,23,1,42,18,42.9,1.82,0.78,0.02,0.06,21.4,0,0,0,2.8,2.8,0.07,-1.8,-1.8,800,1026,78,11259,3630,453,514,88.1,240,314,76.4,38,84,45.2,2,2.2,2,-0.2,31,72,23,3,105,47,25,18,23,6,25,66,37.9,41,22,4,18,11,58,20,0
Cheikhou Kouyaté,sn SEN,MF,Crystal Palace,31,1989,21.9,0,7,0,0,0.32,0,0,,21.6,0,0,0,0.5,0.5,0.08,-0.5,-0.5,656,804,81.6,10088,2834,338,390,86.7,253,308,82.1,36,58,62.1,1,0.8,1,0.2,5,44,3,1,54,52,38,28,22,2,18,39,46.2,21,40,14,26,38,90,39,0
Mateo Kovačić,hr CRO,MF,Chelsea,27,1994,17.3,2,22,6,27.3,1.27,0.35,0.09,0.33,20.3,1,0,0,1.6,1.6,0.07,0.4,0.4,1061,1203,88.2,17022,4072,537,580,92.6,405,453,89.4,77,106,72.6,5,3.2,3,1.8,27,127,23,1,135,51,31,14,26,11,17,35,48.6,18,19,4,15,7,58,9,1
Alex Král,cz CZE,MF,West Ham,23,1998,0,0,0,0,,0,0,,,,0,0,0,0,0,,0,0,0,2,0,0,0,0,1,0,0,1,0,0,0,,0,0,0,0,0,0,0,0,0,0,0,0,0,0,0,0,,0,0,0,0,0,0,0,0
Juraj Kucka,sk SVK,MF,Watford,34,1987,21.3,1,46,11,23.9,2.16,0.52,0.02,0.09,20.8,3,0,0,3.2,3.2,0.07,-2.2,-2.2,485,713,68,7757,2545,244,322,75.8,176,247,71.3,39,76,51.3,1,0.9,1.2,0.1,10,41,7,4,60,59,39,32,25,2,27,73,37,46,30,9,21,27,86,46,2
Adam Lallana,eng ENG,MF,Brighton,33,1988,17.3,0,19,4,21.1,1.1,0.23,0,0,19.8,0,0,0,1.1,1.1,0.06,-1.1,-1.1,836,962,86.9,11641,2793,502,552,90.9,265,288,92,28,53,52.8,1,0.9,1,0.1,8,58,17,1,76,34,17,14,14,6,12,41,29.3,29,16,6,10,16,50,13,1
Pierre Lees-Melou,fr FRA,MF,Norwich City,28,1993,25.2,1,33,9,27.3,1.31,0.36,0.03,0.11,24.5,0,0,0,1.6,1.6,0.05,-0.6,-0.6,807,1033,78.1,13876,4105,413,483,85.5,252,299,84.3,107,169,63.3,0,1.9,2.4,-1.9,25,81,26,9,114,58,36,23,29,6,25,92,27.2,67,37,11,26,25,83,23,0
Sean Longstaff,eng ENG,MF,Newcastle Utd,23,1997,16.3,1,15,2,13.3,0.92,0.12,0.07,0.5,26,1,0,0,0.7,0.7,0.05,0.3,0.3,481,604,79.6,8348,2303,229,271,84.5,177,200,88.5,52,89,58.4,1,0.8,0.8,0.2,7,44,4,0,43,54,34,18,31,5,24,65,36.9,41,18,6,12,9,63,18,0
Imran Louza,ma MAR,MF,Watford,22,1999,15.7,0,17,4,23.5,1.08,0.25,0,0,27.5,6,0,0,1.2,1.2,0.07,-1.2,-1.2,521,711,73.3,9666,3088,208,254,81.9,226,284,79.6,75,143,52.4,0,1.1,1.1,-1.1,15,63,8,1,67,41,21,18,20,3,16,38,42.1,22,28,6,22,42,83,20,1
Douglas Luiz,br BRA,MF,Aston Villa,23,1998,30.2,2,23,8,34.8,0.76,0.27,0.09,0.25,25.3,8,0,0,2,2,0.09,0,0,1290,1550,83.2,21991,7065,567,644,88,559,629,88.9,121,210,57.6,3,2.5,2.2,0.5,37,107,19,2,105,59,39,30,24,5,21,72,29.2,51,30,7,23,34,93,28,1
Ainsley Maitland-Niles,eng ENG,MF,Arsenal,23,1997,3,0,2,0,0,0.67,0,0,,30.3,0,0,0,0.1,0.1,0.03,-0.1,-0.1,106,138,76.8,1811,549,46,58,79.3,54,62,87.1,6,13,46.2,0,0.3,0.5,-0.3,3,16,4,1,15,8,4,5,3,0,2,4,50,2,2,0,2,4,12,4,0
Juan Mata,es ESP,MF,Manchester Utd,33,1988,2.6,0,5,1,20,1.91,0.38,0,0,16.2,0,0,0,0.3,0.3,0.06,-0.3,-0.3,187,217,86.2,2589,580,119,127,93.7,43,52,82.7,14,19,73.7,0,0.2,0.3,-0.2,2,16,6,2,16,6,4,2,3,1,3,5,60,2,1,0,1,1,7,1,0
Nemanja Matić,rs SRB,MF,Manchester Utd,32,1988,15.4,0,6,1,16.7,0.39,0.07,0,0,23.5,0,0,0,0.2,0.2,0.03,-0.2,-0.2,911,1053,86.5,15189,4882,447,493,90.7,344,384,89.6,88,110,80,4,2,1.4,2,13,97,7,2,98,31,18,19,11,1,15,31,48.4,16,21,6,15,31,62,21,3
James McArthur,sct SCO,MF,Crystal Palace,33,1987,16,0,9,3,33.3,0.56,0.19,0,0,20.9,0,0,0,0.3,0.3,0.03,-0.3,-0.3,773,940,82.2,13033,3152,357,397,89.9,330,366,90.2,61,114,53.5,3,1.4,1,1.6,16,64,19,4,84,33,23,13,19,1,16,44,36.4,28,23,9,14,30,63,27,0
John McGinn,sct SCO,MF,Aston Villa,26,1994,34.3,3,43,16,37.2,1.25,0.47,0.07,0.19,25.1,0,0,0,1.5,1.5,0.04,1.5,1.5,1023,1365,74.9,20891,8296,394,464,84.9,416,515,80.8,187,318,58.8,4,5.3,5.3,-1.3,51,163,48,12,196,106,64,35,55,16,54,104,51.9,50,53,6,47,35,141,34,0
Stuart McKinstry,sct SCO,MF,Leeds United,18,2002,0,0,0,0,,0,0,,,,0,0,0,0,0,,0,0,2,3,66.7,28,0,1,1,100,1,2,50,0,0,,0,0,0,0,0,0,0,0,0,0,0,0,0,0,0,0,,0,0,0,0,0,0,0,0
Kenny McLean,sct SCO,MF,Norwich City,29,1992,30.1,1,33,6,18.2,1.1,0.2,0.03,0.17,20.4,0,0,0,1.8,1.8,0.05,-0.8,-0.8,786,1090,72.1,13086,4130,390,488,79.9,301,386,78,71,143,49.7,0,0.8,1,-0.8,10,73,21,0,99,42,22,18,20,4,17,59,28.8,42,29,7,22,34,76,54,0
Dwight McNeil,eng ENG,MF,Burnley,21,1999,34.5,0,52,15,28.8,1.51,0.43,0,0,22.8,4,0,0,2.3,2.3,0.04,-2.3,-2.3,782,1154,67.8,14022,4010,377,434,86.9,265,358,74,112,245,45.7,1,4.6,5.3,-3.6,47,67,43,21,104,78,49,27,38,13,33,73,45.2,40,64,11,53,35,113,31,1
Scott McTominay,sct SCO,MF,Manchester Utd,24,1996,26.5,1,27,7,25.9,1.02,0.26,0.04,0.14,20.9,0,0,0,1.4,1.4,0.05,-0.4,-0.4,1060,1254,84.5,18096,5343,492,561,87.7,427,482,88.6,108,134,80.6,1,1.5,2,-0.5,23,113,9,2,125,65,33,32,24,9,30,61,49.2,31,45,10,35,31,96,60,1
Nampalys Mendy,sn SEN,MF,Leicester City,29,1992,11.5,0,1,1,100,0.09,0.09,0,0,25.3,0,0,0,0,0,0.02,0,0,593,645,91.9,9282,1636,304,323,94.1,233,247,94.3,35,43,81.4,0,0,0.1,0,1,39,0,0,36,12,6,8,4,0,6,17,35.3,11,7,4,3,11,23,11,1
Luka Milivojević,rs SRB,MF,Crystal Palace,30,1991,8.6,0,8,0,0,0.93,0,0,,26.6,4,0,0,0.3,0.3,0.04,-0.3,-0.3,400,493,81.1,7100,2097,182,202,90.1,157,185,84.9,46,79,58.2,0,0.7,1,-0.7,11,36,6,3,37,18,9,9,6,3,10,16,62.5,6,6,1,5,11,29,15,0
Jakub Moder,pl POL,MF,Brighton,22,1999,18.9,0,28,6,21.4,1.48,0.32,0,0,16.6,2,0,0,2.6,2.6,0.09,-2.6,-2.6,581,814,71.4,8501,2438,320,399,80.2,194,264,73.5,28,55,50.9,3,2.2,2.2,0.8,16,57,20,5,89,42,25,18,17,7,23,42,54.8,19,25,2,23,10,52,22,1
Tyler Morton,eng ENG,MF,Liverpool,18,2002,0.7,0,0,0,,0,0,,,,0,0,0,0,0,,0,0,30,35,85.7,527,116,15,16,93.8,9,9,100,5,7,71.4,0,0,0,0,0,5,0,0,4,0,0,0,0,0,0,2,0,2,0,0,0,3,3,0,0
Mason Mount,eng ENG,MF,Chelsea,22,1999,26.3,11,75,27,36,2.86,1.03,0.13,0.37,17.9,6,1,1,8,7.2,0.1,3,2.8,998,1278,78.1,13767,4197,609,673,90.5,266,346,76.9,56,128,43.8,10,6.7,6.9,3.3,58,70,61,10,164,41,16,10,17,14,10,34,29.4,24,18,1,17,13,54,12,0
João Moutinho,pt POR,MF,Wolves,34,1986,33,2,20,7,35,0.61,0.21,0.1,0.29,24.3,4,0,0,1.3,1.3,0.06,0.7,0.7,1700,2039,83.4,31501,7578,700,779,89.9,734,825,89,221,331,66.8,1,2.7,2.3,-1.7,39,170,18,4,196,74,39,34,27,13,30,106,28.3,76,48,8,40,34,108,36,2
Enock Mwepu,zm ZAM,MF,Brighton,23,1998,11.1,2,19,8,42.1,1.72,0.72,0.11,0.25,20,0,0,0,2.1,2.1,0.11,-0.1,-0.1,289,393,73.5,3992,899,159,191,83.2,98,127,77.2,10,29,34.5,4,1.6,0.8,2.4,9,18,4,0,27,22,12,10,10,2,5,27,18.5,22,20,2,18,12,34,19,0
Marvelous Nakamba,zw ZIM,MF,Aston Villa,27,1994,10,0,0,0,,0,0,,,,0,0,0,0,0,,0,0,327,385,84.9,4835,1518,187,219,85.4,114,129,88.4,18,21,85.7,0,0,0.2,0,2,33,1,0,24,32,19,18,14,0,12,34,35.3,22,14,4,10,12,44,17,1
Tanguy Ndombele,fr FRA,MF,Tottenham,24,1996,5.4,1,9,3,33.3,1.67,0.56,0.11,0.33,17.4,0,0,0,0.4,0.4,0.05,0.6,0.6,230,267,86.1,3175,787,124,136,91.2,78,90,86.7,10,13,76.9,1,0.4,0.5,0.6,4,22,3,0,21,10,7,3,5,2,1,8,12.5,7,5,0,5,1,11,1,0
Rúben Neves,pt POR,MF,Wolves,24,1997,29.6,4,42,16,38.1,1.42,0.54,0.1,0.25,27.4,4,0,0,1.1,1.1,0.03,2.9,2.9,1635,1992,82.1,34995,8702,487,553,88.1,827,937,88.3,299,416,71.9,2,3.1,2.7,-1.1,25,200,30,5,202,68,37,23,41,4,24,87,27.6,63,39,5,34,41,109,49,3
Mark Noble,eng ENG,MF,West Ham,34,1987,3.7,1,0,0,,0,0,,,,0,1,2,1.6,0,,-0.6,0,262,301,87,4287,1128,127,137,92.7,109,119,91.6,21,32,65.6,0,0,0.1,0,1,21,0,0,14,8,2,7,1,0,5,11,45.5,6,4,1,3,4,12,2,1
Mathias Normann,no NOR,MF,Norwich City,25,1996,18.3,1,26,5,19.2,1.42,0.27,0.04,0.2,28.2,6,0,0,0.9,0.9,0.04,0.1,0.1,546,795,68.7,10908,3882,213,262,81.3,226,314,72,90,175,51.4,2,1.8,1.5,0.2,13,59,14,1,75,34,21,19,14,1,17,46,37,29,17,8,9,19,53,43,1
Christian Nørgaard,dk DEN,MF,Brentford,27,1994,33.9,3,27,8,29.6,0.8,0.24,0.11,0.38,14.1,0,0,0,3.8,3.8,0.14,-0.8,-0.8,1337,1685,79.3,21669,6947,667,789,84.5,543,651,83.4,87,145,60,4,3.3,2.9,0.7,29,149,24,3,169,109,60,42,58,9,52,101,51.5,49,48,9,39,64,173,58,1
Tyler Onyango,eng ENG,MF,Everton,18,2003,0.3,0,1,0,0,3.21,0,0,,12.1,0,0,0,0,0,0.05,0,0,1,2,50,17,5,0,1,0,1,1,100,0,0,,0,0,0,0,0,0,0,0,0,0,0,0,0,0,0,0,,0,0,0,0,0,0,1,0
Frank Onyeka,ng NGA,MF,Brentford,23,1998,11.6,0,16,5,31.3,1.38,0.43,0,0,18,0,0,0,0.8,0.8,0.05,-0.8,-0.8,259,332,78,4083,990,135,159,84.9,94,115,81.7,18,30,60,0,0.2,0.4,-0.2,4,23,7,1,35,25,17,13,9,3,8,27,29.6,19,16,2,14,14,39,13,0
Thomas Partey,gh GHA,MF,Arsenal,28,1993,22.5,2,44,9,20.5,1.95,0.4,0.05,0.22,22.5,2,0,0,2.8,2.8,0.06,-0.8,-0.8,1032,1214,85,18440,5553,452,501,90.2,453,511,88.6,114,158,72.2,1,1,0.9,0,17,120,12,0,119,43,29,22,17,4,18,44,40.9,26,22,4,18,23,66,35,2
Sonny Perkins,eng ENG,MF,West Ham,17,2004,0,0,0,0,,0,0,,,,0,0,0,0,0,,0,0,0,1,0,0,0,0,1,0,0,0,,0,0,,0,0,0,0,0,0,0,0,0,0,0,0,0,0,0,0,,0,0,0,0,0,0,0,0
Kalvin Phillips,eng ENG,MF,Leeds United,25,1995,17.7,0,15,3,20,0.85,0.17,0,0,24,1,0,0,0.7,0.7,0.04,-0.7,-0.7,786,971,80.9,15278,4563,284,320,88.8,396,440,90,98,170,57.6,1,0.7,0.6,0.3,9,79,12,2,93,54,25,24,25,5,24,57,42.1,33,37,9,28,24,78,18,0
Isaac Price,nir NIR,MF,Everton,17,2003,0.2,0,1,0,0,6.43,0,0,,8.9,0,0,0,0.1,0.1,0.08,-0.1,-0.1,1,2,50,16,0,0,0,,1,2,50,0,0,,0,0,0,0,0,0,0,0,0,0,0,0,0,0,0,0,,0,1,0,1,0,0,0,0
Jacob Ramsey,eng ENG,MF,Aston Villa,20,2001,27.4,6,34,11,32.4,1.24,0.4,0.18,0.55,18.3,0,0,0,4,4,0.12,2,2,889,1045,85.1,13297,3505,484,548,88.3,323,359,90,48,64,75,1,1.9,2.3,-0.9,21,92,21,4,132,67,44,31,28,8,30,69,43.5,39,36,7,29,24,91,28,0
Declan Rice,eng ENG,MF,West Ham,22,1999,35.3,1,26,8,30.8,0.74,0.23,0.04,0.13,22.8,1,0,0,1.1,1.1,0.04,-0.1,-0.1,1986,2197,90.4,35788,9260,848,903,93.9,887,938,94.6,203,258,78.7,4,1.7,1.5,2.3,24,256,26,4,256,80,42,45,32,3,38,71,53.5,33,45,21,24,63,143,52,1
Taylor Richards,eng ENG,MF,Brighton,20,2000,0.3,0,1,0,0,3.6,0,0,,24,0,0,0,0,0,0.02,0,0,21,27,77.8,346,81,11,14,78.6,8,9,88.9,2,2,100,0,0,0,0,1,2,0,0,3,1,0,0,1,0,1,2,50,1,0,0,0,0,1,0,0
Jaïro Riedewald,nl NED,MF,Crystal Palace,24,1996,1.3,0,0,0,,0,0,,,,0,0,0,0,0,,0,0,47,56,83.9,795,204,27,31,87.1,16,16,100,4,7,57.1,0,0.1,0,-0.1,2,4,0,0,4,1,1,0,1,0,1,2,50,1,1,0,1,1,2,2,0
Rodri,es ESP,MF,Manchester City,25,1996,32,7,45,14,31.1,1.4,0.44,0.16,0.5,19.8,0,0,0,2.3,2.3,0.05,4.7,4.7,2640,2887,91.4,48233,11300,1107,1185,93.4,1207,1271,95,294,358,82.1,2,1.4,2.7,0.6,29,284,37,3,285,72,43,24,38,10,32,59,54.2,27,28,5,23,28,100,45,0
Oriol Romeu,es ESP,MF,Southampton,29,1991,32.1,2,24,4,16.7,0.75,0.12,0.08,0.5,22.4,0,0,0,1.4,1.4,0.06,0.6,0.6,1377,1691,81.4,23235,6190,676,787,85.9,535,614,87.1,133,198,67.2,2,2.9,2.5,-0.9,37,148,23,3,156,77,39,25,45,7,28,73,38.4,45,39,8,31,51,128,43,0
Lukas Rupp,de GER,MF,Norwich City,30,1991,8.5,0,12,2,16.7,1.4,0.23,0,0,21.2,0,0,0,0.7,0.7,0.06,-0.7,-0.7,322,391,82.4,4884,1244,170,191,89,116,129,89.9,22,35,62.9,0,1.4,1.1,-1.4,9,24,5,1,35,9,4,5,3,1,4,15,26.7,11,11,1,10,9,18,7,0
Albert Sambi Lokonga,be BEL,MF,Arsenal,21,1999,12.6,0,20,8,40,1.59,0.63,0,0,26.8,0,0,0,0.6,0.6,0.03,-0.6,-0.6,727,824,88.2,12262,3171,331,367,90.2,324,352,92,54,78,69.2,0,1,1.1,-1,18,68,14,1,84,22,18,11,9,2,12,14,85.7,2,12,7,5,13,35,12,4
Morgan Sanson,fr FRA,MF,Aston Villa,26,1994,4,0,1,0,0,0.25,0,0,,33.2,0,0,0,0,0,0.02,0,0,123,162,75.9,1851,506,72,78,92.3,40,53,75.5,6,15,40,0,0,0.1,0,1,18,1,1,21,12,8,7,2,3,3,7,42.9,4,13,0,13,10,22,2,1
Dane Scarlett,eng ENG,MF,Tottenham,17,2004,0,0,0,0,,0,0,,,,0,0,0,0,0,,0,0,1,1,100,9,0,1,1,100,0,0,,0,0,,0,0,0,0,0,0,0,0,0,0,0,0,0,0,0,0,,0,0,0,0,0,0,0,0
Jonjo Shelvey,eng ENG,MF,Newcastle Utd,29,1992,22,2,30,14,46.7,1.36,0.64,0.07,0.14,27.8,6,0,0,0.9,0.9,0.03,1.1,1.1,743,948,78.4,15780,5306,260,303,85.8,299,351,85.2,165,256,64.5,1,1,1.5,0,16,91,9,1,84,30,17,12,18,0,14,34,41.2,20,22,7,15,22,52,20,2
Shola Shoretire,eng ENG,MF,Manchester Utd,17,2004,0.2,0,0,0,,0,0,,,,0,0,0,0,0,,0,0,5,5,100,69,14,2,2,100,1,1,100,1,1,100,0,0,0,0,0,0,0,0,0,0,0,0,0,0,0,0,,0,0,0,0,0,0,0,0
Moussa Sissoko,fr FRA,MF,Watford,31,1989,35.8,2,25,8,32,0.7,0.22,0.08,0.25,16.8,0,0,0,3.8,3.7,0.15,-1.8,-1.7,922,1188,77.6,14966,4705,469,570,82.3,321,398,80.7,89,131,67.9,1,3.1,2.3,-2.1,37,95,24,11,116,53,27,27,20,6,28,42,66.7,14,42,13,29,30,83,64,0
Oliver Skipp,eng ENG,MF,Tottenham,20,2000,15,0,4,1,25,0.27,0.07,0,0,24.8,0,0,0,0.2,0.2,0.06,-0.2,-0.2,763,851,89.7,11665,2984,383,408,93.9,302,323,93.5,36,59,61,0,0.7,1.1,-0.7,8,78,11,2,76,33,19,14,18,1,15,31,48.4,16,19,7,12,12,45,10,1
Tomáš Souček,cz CZE,MF,West Ham,26,1995,34,5,45,11,24.4,1.32,0.32,0.11,0.45,12.8,0,0,0,5.5,4.8,0.11,-0.5,0.2,1036,1361,76.1,17344,4438,510,638,79.9,403,495,81.4,91,134,67.9,1,2.2,1.8,-1.2,21,105,12,2,141,66,32,27,33,6,28,65,43.1,37,34,13,21,52,118,98,1
Boubakary Soumaré,fr FRA,MF,Leicester City,22,1999,12.2,0,6,2,33.3,0.49,0.16,0,0,18.6,0,0,0,0.4,0.4,0.06,-0.4,-0.4,444,542,81.9,6701,1678,241,280,86.1,156,184,84.8,31,46,67.4,1,0.4,0.3,0.6,6,38,5,1,45,19,13,10,8,1,8,17,47.1,9,13,1,12,14,33,18,0
Dale Stephens,eng ENG,MF,Burnley,32,1989,1.4,0,1,0,0,0.73,0,0,,22.8,0,0,0,0,0,0.03,0,0,46,57,80.7,812,228,20,27,74.1,17,20,85,7,7,100,0,0,0.1,0,1,4,2,0,5,4,1,0,3,1,3,8,37.5,5,4,1,3,1,5,1,0
Youri Tielemans,be BEL,MF,Leicester City,24,1997,29.2,6,57,15,26.3,1.95,0.51,0.07,0.27,25,0,2,2,4.4,2.8,0.05,1.6,1.2,1451,1785,81.3,23843,7353,720,808,89.1,574,672,85.4,119,209,56.9,4,4.2,3.8,-0.2,37,171,28,7,202,74,38,23,45,6,42,100,42,58,47,13,34,21,95,41,3
Cenk Tosun,tr TUR,MF,Everton,30,1991,0.1,0,0,0,,0,0,,,,0,0,0,0,0,,0,0,1,1,100,22,0,0,0,,1,1,100,0,0,,0,0,0,0,0,0,0,0,0,0,0,0,0,0,0,0,,0,0,0,0,0,0,0,0
Ozan Tufan,tr TUR,MF,Watford,26,1995,3.7,0,3,0,0,0.81,0,0,,18.1,0,0,0,0.6,0.6,0.19,-0.6,-0.6,85,122,69.7,1332,409,42,53,79.2,34,47,72.3,4,8,50,0,0.3,0.1,-0.3,4,13,2,0,16,3,2,1,1,1,1,5,20,4,2,0,2,2,5,4,0
James Ward-Prowse,eng ENG,MF,Southampton,26,1994,35.7,10,51,20,39.2,1.43,0.56,0.12,0.3,27.9,23,4,4,5.4,2.2,0.04,4.6,3.8,1657,2137,77.5,27629,9209,813,880,92.4,635,760,83.6,156,390,40,5,6.5,6.3,-1.5,71,169,16,10,189,41,24,12,24,5,19,70,27.1,51,43,15,28,40,81,45,1
Ashley Westwood,eng ENG,MF,Burnley,31,1990,25.4,0,14,1,7.1,0.55,0.04,0,0,21,0,0,0,0.6,0.6,0.04,-0.6,-0.6,871,1254,69.5,16111,5915,347,418,83,361,468,77.1,119,276,43.1,3,4.1,4.5,-1.1,33,118,32,5,130,21,12,8,12,1,10,31,32.3,21,21,9,12,30,51,16,1
Joe Willock,eng ENG,MF,Newcastle Utd,21,1999,22.6,2,35,11,31.4,1.55,0.49,0.06,0.18,17.2,0,0,0,3.2,3.2,0.09,-1.2,-1.2,450,565,79.6,6691,1794,253,299,84.6,150,177,84.7,28,40,70,0,1.2,0.6,-1.2,18,38,7,1,58,64,37,30,28,6,29,68,42.6,39,37,6,31,21,85,10,1
Harry Winks,eng ENG,MF,Tottenham,25,1996,10.1,0,3,1,33.3,0.3,0.1,0,0,26.6,0,0,0,0.1,0.1,0.04,-0.1,-0.1,585,683,85.7,9806,3088,248,272,91.2,258,286,90.2,50,80,62.5,1,1.5,1.9,-0.5,11,79,13,3,73,15,10,4,9,2,8,21,38.1,13,14,3,11,16,31,10,2
Nathan Young-Coombes,eng ENG,MF,Brentford,18,2003,0,0,0,0,,0,0,,,,0,0,0,0,0,,0,0,0,0,,0,0,0,0,,0,0,,0,0,,0,0,0,0,0,0,0,0,0,0,0,0,0,0,0,0,,0,0,0,0,0,0,0,0
Sergi Canós,es ESP,"DF,FW",Brentford,24,1997,23.1,3,33,12,36.4,1.43,0.52,0.09,0.25,16.3,1,0,0,3,3,0.09,0,0,449,774,58,7092,2936,253,316,80.1,140,235,59.6,38,134,28.4,2,1.7,2.3,0.3,17,47,24,9,59,56,25,32,15,9,33,60,55,27,32,3,29,22,78,38,0
Chiquinho,pt POR,"DF,FW",Wolves,21,2000,2.3,0,5,2,40,2.16,0.87,0,0,9,0,0,0,0.6,0.6,0.12,-0.6,-0.6,70,108,64.8,1130,423,45,57,78.9,17,27,63,7,16,43.8,3,0.7,0.6,2.3,5,4,4,4,7,9,6,4,5,0,4,5,80,1,5,0,5,2,11,1,0
Morgan Gibbs-White,eng ENG,"DF,FW",Wolves,21,2000,0.1,0,2,0,0,20,0,0,,16.8,0,0,0,0.1,0.1,0.07,-0.1,-0.1,7,10,70,77,26,6,7,85.7,1,1,100,0,1,0,0,0,0,0,0,2,0,0,2,0,0,0,0,0,0,0,,0,1,0,1,0,0,0,0
Tariq Lamptey,gh GHA,"DF,FW",Brighton,20,2000,17.3,0,19,4,21.1,1.1,0.23,0,0,20,0,0,0,0.8,0.8,0.04,-0.8,-0.8,593,770,77,8281,1729,373,416,89.7,186,252,73.8,19,50,38,2,2.6,2.9,-0.6,21,26,24,15,36,36,25,14,17,5,15,25,60,10,13,3,10,21,57,23,0
Solly March,eng ENG,"DF,FW",Brighton,27,1994,19.4,0,20,10,50,1.03,0.52,0,0,18.3,2,0,0,1.2,1.2,0.06,-1.2,-1.2,556,771,72.1,9536,2619,291,348,83.6,178,245,72.7,67,115,58.3,2,2.3,2.9,-0.3,35,30,33,8,69,30,17,11,9,10,7,22,31.8,15,22,3,19,17,47,25,0
Arthur Masuaku,cd COD,"DF,FW",West Ham,27,1993,7.2,1,4,1,25,0.55,0.14,0.25,1,26.5,0,0,0,0.1,0.1,0.01,0.9,0.9,289,382,75.7,4058,1291,171,189,90.5,87,121,71.9,15,40,37.5,1,0.8,0.8,0.2,2,30,6,2,33,31,23,19,11,1,14,23,60.9,9,9,1,8,9,40,17,0
Ashley Young,eng ENG,"DF,FW",Aston Villa,36,1985,13.9,0,10,3,30,0.72,0.22,0,0,21.2,1,0,0,0.4,0.4,0.04,-0.4,-0.4,492,645,76.3,7689,2712,282,314,89.8,155,204,76,38,78,48.7,2,1,0.4,1,13,48,10,3,45,18,6,9,6,3,11,16,68.8,5,10,4,6,13,31,25,1
Fernandinho,br BRA,"MF,DF",Manchester City,36,1985,10.7,2,18,3,16.7,1.68,0.28,0.11,0.67,16.7,0,0,0,1.6,1.6,0.09,0.4,0.4,746,842,88.6,12820,3829,344,368,93.5,326,360,90.6,56,79,70.9,1,1,1.1,0,10,74,17,1,81,21,10,7,10,4,9,27,33.3,18,8,2,6,8,29,13,1
Leo Fuhr Hjelde,no NOR,"MF,DF",Leeds United,17,2003,1.7,0,0,0,,0,0,,,,0,0,0,0,0,,0,0,79,108,73.1,1120,430,48,57,84.2,22,32,68.8,5,13,38.5,0,0,0,0,1,3,0,0,3,5,4,3,2,0,3,3,100,0,3,3,0,4,9,7,0
Saman Ghoddos,ir IRN,"MF,DF",Brentford,27,1993,6,1,8,3,37.5,1.34,0.5,0.13,0.33,20.4,1,0,0,0.5,0.5,0.06,0.5,0.5,143,216,66.2,2264,747,79,105,75.2,50,66,75.8,11,32,34.4,1,1.2,1,-0.2,6,11,11,3,25,17,10,8,6,3,9,15,60,6,2,0,2,3,20,16,0
Pascal Groß,de GER,"MF,DF",Brighton,30,1991,22.6,2,23,7,30.4,1.02,0.31,0.09,0.29,17.5,1,0,1,2.9,2.1,0.09,-0.9,-0.1,1012,1345,75.2,18387,5413,446,508,87.8,397,481,82.5,135,267,50.6,4,5.5,4.6,-1.5,60,94,37,12,149,28,15,15,11,2,12,33,36.4,21,34,8,26,18,46,23,0
Isaac Hayden,jm JAM,"MF,DF",Newcastle Utd,26,1995,11.1,1,5,1,20,0.45,0.09,0.2,1,14.1,0,0,0,0.4,0.4,0.08,0.6,0.6,261,341,76.5,4160,911,129,151,85.4,99,120,82.5,18,34,52.9,0,0,0.1,0,2,20,0,0,15,28,14,11,14,3,12,29,41.4,17,17,8,9,14,42,24,0
Alex Iwobi,ng NGA,"MF,DF",Everton,25,1996,22.6,2,24,6,25,1.06,0.27,0.08,0.33,16.4,0,0,0,2.3,2.3,0.1,-0.3,-0.3,599,782,76.6,9080,3232,324,366,88.5,192,248,77.4,48,89,53.9,2,2.6,3,-0.6,36,61,40,6,103,40,19,23,12,5,21,52,40.4,31,39,3,36,20,60,25,2
Robin Koch,de GER,"MF,DF",Leeds United,25,1996,17.5,0,13,1,7.7,0.74,0.06,0,0,16.1,0,0,0,0.8,0.8,0.06,-0.8,-0.8,555,718,77.3,10037,3504,224,279,80.3,268,326,82.2,45,73,61.6,0,0.4,0.3,-0.4,5,47,6,0,52,21,13,9,10,2,9,34,26.5,25,26,10,16,20,41,44,0
Ruben Loftus-Cheek,eng ENG,"MF,DF",Chelsea,25,1996,15.5,0,19,6,31.6,1.23,0.39,0,0,18.6,0,0,0,1.2,1.2,0.06,-1.2,-1.2,876,981,89.3,13025,3046,507,547,92.7,315,355,88.7,33,42,78.6,2,2.4,2.4,-0.4,18,77,20,0,108,29,10,16,11,2,10,19,52.6,9,15,6,9,11,40,17,0
Fernando Marçal,br BRA,"MF,DF",Wolves,32,1989,16.1,0,11,1,9.1,0.68,0.06,0,0,23.3,0,0,0,0.4,0.4,0.03,-0.4,-0.4,669,887,75.4,10434,3383,356,394,90.4,264,347,76.1,35,87,40.2,0,0.6,0.7,-0.6,10,35,9,4,50,42,22,27,14,1,21,37,56.8,16,25,4,21,28,70,52,0
James Milner,eng ENG,"MF,DF",Liverpool,35,1986,9.5,0,10,2,20,1.06,0.21,0,0,23.8,0,0,0,0.4,0.4,0.04,-0.4,-0.4,646,777,83.1,11063,3500,301,327,92,264,312,84.6,62,95,65.3,1,2.2,1.5,-1.2,22,73,18,6,73,28,16,12,11,5,12,29,41.4,17,19,5,14,17,45,20,0
Wilfred Ndidi,ng NGA,"MF,DF",Leicester City,24,1996,18,0,14,4,28.6,0.78,0.22,0,0,19.7,0,0,0,0.7,0.7,0.05,-0.7,-0.7,746,935,79.8,11258,3104,393,465,84.5,279,332,84,41,65,63.1,0,0,0.2,0,2,36,4,0,57,60,32,32,27,1,22,55,40,33,36,8,28,42,102,54,1
Nélson Semedo,pt POR,"MF,DF",Wolves,27,1993,23.7,0,19,4,21.1,0.8,0.17,0,0,20.2,0,0,0,1.6,1.6,0.08,-1.6,-1.6,916,1169,78.4,12766,4408,567,628,90.3,290,367,79,31,92,33.7,1,1.3,1.4,-0.3,18,62,12,2,78,58,39,39,17,2,25,49,51,24,23,4,19,21,79,64,1
Jakob Sørensen,dk DEN,"MF,DF",Norwich City,23,1998,6.7,0,5,1,20,0.75,0.15,0,0,16.5,0,0,0,0.5,0.5,0.1,-0.5,-0.5,251,309,81.2,4615,1347,98,111,88.3,117,132,88.6,29,50,58,0,0,0.1,0,0,21,2,1,20,22,11,6,14,2,10,20,50,10,7,3,4,10,32,19,0
Granit Xhaka,ch SUI,"MF,DF",Arsenal,28,1992,25.9,1,27,5,18.5,1.04,0.19,0.04,0.2,23.4,1,0,0,1.4,1.4,0.05,-0.4,-0.4,1367,1589,86,23204,6399,634,713,88.9,594,667,89.1,109,150,72.7,2,2.3,2.2,-0.3,32,194,41,7,230,32,18,16,12,4,16,41,39,25,21,6,15,21,53,31,0
Rayan Aït-Nouri,dz ALG,"DF,MF",Wolves,20,2001,20.3,1,13,4,30.8,0.64,0.2,0.08,0.25,17.6,0,0,0,0.6,0.6,0.04,0.4,0.4,763,1025,74.4,12151,4064,418,472,88.6,273,361,75.6,54,141,38.3,2,1.6,1.1,0.4,17,28,14,10,49,64,36,46,15,3,22,44,50,22,24,2,22,22,86,39,1
Hamza Choudhury,bd BAN,"DF,MF",Leicester City,23,1997,3.2,0,1,0,0,0.32,0,0,,14,0,0,0,0,0,0.02,0,0,128,156,82.1,2041,543,68,74,91.9,47,54,87,10,18,55.6,0,0,0,0,0,3,0,0,5,9,3,4,4,1,3,5,60,2,0,0,0,12,21,10,0
Stuart Dallas,nir NIR,"DF,MF",Leeds United,30,1991,32.4,1,30,8,26.7,0.92,0.25,0.03,0.13,21.7,0,0,0,1.9,1.9,0.06,-0.9,-0.9,1306,1685,77.5,20351,7389,730,812,89.9,440,539,81.6,99,227,43.6,1,2.3,2.5,-1.3,31,108,24,5,170,93,55,58,31,4,56,105,53.3,49,45,14,31,57,150,63,2
Cody Drameh,eng ENG,"DF,MF",Leeds United,19,2001,1.4,0,0,0,,0,0,,,,0,0,0,0,0,,0,0,62,82,75.6,826,362,29,38,76.3,24,26,92.3,2,4,50,0,0,0,0,1,4,2,1,6,4,2,3,1,0,1,3,33.3,2,0,0,0,1,5,4,0
Emerson,br BRA,"DF,MF",Tottenham,22,1999,25.4,1,15,4,26.7,0.59,0.16,0.07,0.25,14.6,0,0,0,1.5,1.5,0.1,-0.5,-0.5,1170,1450,80.7,16330,4045,686,762,90,368,459,80.2,52,94,55.3,1,2.2,3,-1.2,28,32,28,14,68,72,47,50,16,6,36,67,53.7,31,25,2,23,22,94,92,1
Junior Firpo,do DOM,"DF,MF",Leeds United,24,1996,19,0,11,1,9.1,0.58,0.05,0,0,14.6,0,0,0,0.9,0.9,0.08,-0.9,-0.9,768,952,80.7,12029,4281,417,475,87.8,299,362,82.6,38,71,53.5,2,1.9,1.6,0.1,22,70,16,6,111,61,29,30,26,5,31,59,52.5,28,22,6,16,24,85,37,0
Ki-Jana Hoever,nl NED,"DF,MF",Wolves,19,2002,3.4,0,1,0,0,0.29,0,0,,17.9,0,0,0,0,0,0.04,0,0,110,160,68.8,1691,512,54,71,76.1,51,68,75,4,8,50,0,0.1,0.1,-0.1,1,3,2,1,5,10,6,5,5,0,7,12,58.3,5,6,0,6,6,16,8,0
Saúl Ñíguez,es ESP,"DF,MF",Chelsea,26,1994,5.3,0,5,1,20,0.94,0.19,0,0,23.1,0,0,0,0.3,0.3,0.07,-0.3,-0.3,306,353,86.7,4777,1025,168,185,90.8,108,122,88.5,20,29,69,0,0.5,0.2,-0.5,3,15,2,2,15,20,9,11,9,0,9,16,56.3,7,14,3,11,7,27,10,1
Sergio Reguilón,es ESP,"DF,MF",Tottenham,24,1996,21.3,2,21,9,42.9,0.99,0.42,0.1,0.22,15.2,0,0,0,3,3,0.14,-1,-1,750,994,75.5,11784,3362,394,453,87,271,355,76.3,54,99,54.5,3,3.3,3.8,-0.3,29,35,31,21,50,40,24,15,18,7,22,43,51.2,21,20,8,12,31,71,45,1
Ryan Sessegnon,eng ENG,"DF,MF",Tottenham,21,2000,11.6,0,6,1,16.7,0.52,0.09,0,0,13.5,0,0,0,0.3,0.3,0.05,-0.3,-0.3,315,428,73.6,4537,1156,185,218,84.9,96,132,72.7,20,41,48.8,2,2.7,2.4,-0.7,14,13,12,4,22,25,19,14,7,4,11,22,50,11,18,3,15,7,32,26,0
Jamie Shackleton,eng ENG,"DF,MF",Leeds United,21,1999,7.9,0,4,1,25,0.51,0.13,0,0,18.3,0,0,0,0.2,0.2,0.04,-0.2,-0.2,353,409,86.3,5216,1417,180,194,92.8,151,166,91,9,18,50,0,0,0.1,0,1,23,2,0,36,27,16,19,7,1,13,25,52,12,11,7,4,8,35,12,1
Pascal Struijk,nl NED,"DF,MF",Leeds United,21,1999,22.8,1,11,3,27.3,0.48,0.13,0.09,0.33,9.1,0,0,0,1.4,1.4,0.14,-0.4,-0.4,1089,1278,85.2,20168,6807,372,423,87.9,616,665,92.6,85,148,57.4,0,0.4,0.2,-0.4,11,62,1,0,86,61,39,34,23,4,30,50,60,20,35,23,12,33,94,60,2